report_text,location,reported_by,department,severity,incident_type,report_date,shift,status
Pressure Leak Detected On Pipeline 7 During Routine Inspection.,Platform B,Aisha,Instrumentation,High,Leak,2025-09-30,Day,Open
Unknown,Compressor Station,Mary,Utilities,Low,Inspection,2025-12-15,Day,Closed
Unknown,Tank Farm,Mary,Utilities,Medium,Slip/Fall,2025-09-09,Day,Open
Smoke Observed From Electrical Control Panel.,Refinery,Joy,Production,High,Electrical,2026-01-22,Day,Open
Unknown,Gas Processing Unit,Samuel,Production,Medium,Equipment Failure,2025-02-14,Day,Closed
Worker Slipped On Wet Surface Near Loading Bay.,Flow Station,Blessing,Pipeline Operations,Medium,Slip/Fall,2025-10-26,Night,Resolved
Oil Spill Discovered Near Storage Tank.,Wellhead 12,Paul,Pipeline Operations,High,Oil Spill,2025-11-09,Night,Resolved
Corrosion Observed On External Pipeline Coating.,Control Room,Chinedu,Electrical,Medium,Corrosion,2025-11-19,Day,Resolved
Smoke Observed From Electrical Control Panel.,Flow Station,Daniel,Electrical,High,Electrical,2026-03-21,Night,Resolved
Unknown,Compressor Station,John,Maintenance,Medium,Equipment Failure,2025-03-26,Night,Under Investigation
Worker Slipped On Wet Surface Near Loading Bay.,Tank Farm,Fatima,Electrical,Medium,Slip/Fall,2026-02-05,Day,Resolved
Fire Extinguisher Inspection Completed Successfully.,Storage Terminal,Joy,Utilities,Low,Inspection,,Day,Open
Loose Flange Bolts Discovered During Maintenance.,Loading Bay,Fatima,Pipeline Operations,Medium,Mechanical,2025-12-27,Day,Resolved
Abnormal Temperature Recorded In Processing Unit.,Compressor Station,Ahmed,Pipeline Operations,Medium,Equipment Failure,2025-10-22,Night,Closed
Abnormal Temprature Recorded In Processing Unit.,Wellhead 12,Michael,Maintenance,Medium,Equipment Failure,2026-04-01,Night,Resolved
Pressure Leak Detected On Pipeline 7 During Routine Inspection.,Pipeline 7,Michael,Mechanical,High,Leak,2025-07-17,Day,Under Investigation
Sensor Calibration Completed Successfully.,Tank Farm,Daniel,Hse,Low,Inspection,2026-03-21,Night,Open
Gas Detector Triggred Alarm Near Compressor Station.,Storage Terminal,Aisha,Electrical,High,Gas Detection,2025-12-30,Day,Open
Unknown,Manifold,John,Electrical,Low,Inspection,2026-01-22,Day,Resolved
Pressure Leak Detected On Pipeline 7 During Routine Inspection.,Tank Farm,David,Mechanical,High,Leak,2025-02-03,Night,Resolved
Pump Vibration Exceeded Acceptable Threshold.,Pipeline 7,Daniel,Maintenance,Medium,Equipment Failure,2026-03-06,Day,Closed
Pump Vibration Exceeded Acceptable Threshold.,Loading Bay,Grace,Production,Medium,Equipment Failure,2025-02-28,Night,Under Investigation
Worker Slipped On Wet Surface Near Loading Bay.,Manifold,Daniel,Hse,Medium,Slip/Fall,2026-02-03,Night,Closed
Abnormal Temperature Recorded In Processing Unit.,Tank Farm,Mary,Production,Medium,Equipment Failure,2025-06-20,Night,Resolved
Pressure Leak Detected On Pipeline 7 During Routine Inspection.,Gas Processing Unit,Michael,Mechanical,High,Leak,2025-01-22,Night,Resolved
Loose Flange Bolts Discovered During Maintenance.,Gas Processing Unit,Ahmed,Mechanical,Medium,Mechanical,2025-11-08,Night,Open
Worker Slipped On Wet Surface Near Loading Bay.,Compressor Station,Fatima,Electrical,Medium,Slip/Fall,2026-06-12,Day,Under Investigation
Abnormal Temperature Recorded In Processing Unit.,Pipeline 8,Mary,Utilities,Medium,Equipment Failure,,Night,Open
Oil Spill Discovered Near Storage Tank.,Unknown,Mary,Inspection,High,Oil Spill,2025-07-28,Night,Under Investigation
Fire Extinguisher Inspection Completed Successfully.,Pipeline 7,Mary,Production,Low,Inspection,2025-07-21,Day,Open
Corrosion Observed On External Pipeline Coating.,Platform B,Chinedu,Inspection,Medium,Corrosion,2025-03-29,Night,Open
Pump Vibration Exceeded Acceptable Threshold.,Compressor Station,Mary,Maintenance,Medium,Equipment Failure,2025-05-19,Night,Resolved
Small Hydraulic Fluid Leak Found Beneath Crane.,Refinery,Joy,Pipeline Operations,Medium,Leak,2025-09-21,Night,Under Investigation
Fire Extinguisher Inspection Completed Successfully.,Manifold,Grace,Electrical,Low,Inspection,2025-05-10,Day,Resolved
Pump Vibration Exceeded Acceptable Threshold.,Gas Processing Unit,Chinedu,Production,Medium,Equipment Failure,2025-02-23,Night,Resolved
Pump Vibration Exceeded Acceptable Threshold.,Loading Bay,Paul,Instrumentation,Medium,Equipment Failure,2025-11-20,Night,Closed
Sensor Calibration Completed Successfully.,Wellhead 12,Fatima,Inspection,Low,Inspection,2025-07-05,Night,Open
Loose Flange Bolts Discovered During Maintainance.,Refinery,Ibrahim,Electrical,Medium,Mechanical,2025-09-29,Day,Resolved
Pump Vibration Exceeded Acceptable Threshold.,Pipeline 8,Blessing,Hse,Medium,Equipment Failure,2025-05-06,Night,Under Investigation
Pressure Leak Detected On Pipeline 7 During Routine Inspection.,Refinery,John,Instrumentation,High,Leak,2025-11-02,Day,Resolved
Unauthorized Personnel Entered Restricted Area.,Flow Station,Ahmed,Utilities,High,Security,,Night,Under Investigation
Loose Flange Bolts Discovered During Maintenance.,Wellhead 12,Chinedu,Utilities,Medium,Mechanical,2025-09-12,Night,Under Investigation
Pump Vibration Exceeded Acceptable Threshold.,Pipeline 7,Michael,Production,Medium,Equipment Failure,2025-01-21,Night,Resolved
Small Hydraulic Fluid Leak Found Beneath Crane.,Pipeline 12,Samuel,Electrical,Medium,Leak,2025-02-13,Night,Closed
Pump Vibration Exceeded Acceptable Threshold.,Control Room,Fatima,Inspection,Medium,Equipment Failure,2025-02-02,Night,Under Investigation
Small Hydraulic Fluid Leak Found Beneath Crane.,Storage Terminal,Blessing,Pipeline Operations,Medium,Leak,2025-11-25,Night,Closed
Small Hydraulic Fluid Leak Found Beneath Crane.,Manifold,Aisha,Hse,Medium,Leak,2025-10-19,Day,Resolved
Pump Vibration Exceeded Acceptable Threshold.,Refinery,John,Pipeline Operations,Medium,Equipment Failure,2026-05-24,Day,Closed
Pressure Leak Detected On Pipeline 7 During Routine Inspection.,Platform B,Mary,Maintenance,High,Leak,2025-07-18,Night,Resolved
Loose Flange Bolts Discovered During Maintenance.,Manifold,Samuel,Inspection,Medium,Mechanical,2025-10-17,Day,Open
Routine Valve Maintenance Completed Without Issues.,Storage Terminal,Mary,Electrical,Low,Maintenance,2025-10-14,Day,Open
Emergency Shutdown Activated After Pressure Surge.,Refinery,Ibrahim,Mechanical,High,Equipment Failure,2025-04-24,Day,Resolved
Sensor Calibration Completed Successfully.,Loading Bay,Ibrahim,Electrical,Low,Inspection,2026-01-01,Day,Resolved
Worker Slipped On Wet Surface Near Loading Bay.,Platform A,Blessing,Inspection,Medium,Slip/Fall,2025-09-05,Day,Closed
Smoke Observed From Electrical Control Panel.,Platform A,Aisha,Instrumentation,High,Electrical,2025-01-27,Day,Resolved
Emergency Shutdown Activated After Pressure Surge.,Tank Farm,Mary,Pipeline Operations,High,Equipment Failure,2025-02-12,Day,Resolved
Small Hydraulic Fluid Leak Found Beneath Crane.,Platform B,Blessing,Maintenance,Medium,Leak,2025-11-08,Day,Under Investigation
Emergency Shutdown Activated After Pressure Surge.,Loading Bay,Paul,Utilities,High,Equipment Failure,,Day,Under Investigation
Sensor Calibration Completed Successfully.,Pipeline 12,Samuel,Inspection,Low,Inspection,2026-03-01,Day,Resolved
Fire Extinguisher Inspection Completed Successfully.,Compressor Station,Grace,Instrumentation,Low,Inspection,2025-03-20,Night,Open
Oil Spill Discovered Near Storage Tank.,Pipeline 12,Samuel,Production,High,Oil Spill,2025-05-10,Day,Resolved
Smoke Observed From Electrical Control Panel.,Control Room,Fatima,Electrical,High,Electrical,2025-01-18,Night,Under Investigation
Oil Spill Discovered Near Storage Tank.,Tank Farm,Grace,Instrumentation,High,Oil Spill,2025-02-18,Day,Open
Unauthorized Personnel Entered Restricted Area.,Loading Bay,Fatima,Production,High,Security,2025-07-30,Night,Closed
Fire Extinguisher Inspection Completed Successfully.,Pipeline 12,Blessing,Mechanical,Low,Inspection,,Day,Closed
Sensor Calibration Completed Successfully.,Flow Station,Aisha,Utilities,Low,Inspection,2025-02-03,Day,Closed
Corrosion Observed On External Pipeline Coating.,Wellhead 12,Ibrahim,Inspection,Medium,Corrosion,2026-02-19,Day,Open
Worker Slipped On Wet Surface Near Loading Bay.,Pipeline 8,Samuel,Production,Medium,Slip/Fall,2025-05-18,Day,Under Investigation
Routine Valve Maintenance Completed Without Issues.,Flow Station,Paul,Inspection,Low,Maintenance,2025-09-02,Day,Resolved
Unknown,Loading Bay,Michael,Production,Medium,Equipment Failure,2025-01-10,Night,Under Investigation
Emergency Shutdown Activated After Pressure Surge.,Refinery,Fatima,Inspection,High,Equipment Failure,2025-03-04,Day,Open
Gas Detector Triggered Alarm Near Compressor Station.,Manifold,Grace,Hse,High,Gas Detection,2025-08-29,Day,Open
Sensor Calibration Completed Successfully.,Manifold,Chinedu,Electrical,Low,Inspection,2025-09-27,Night,Under Investigation
Pump Vibration Exceeded Acceptable Threshold.,Loading Bay,Michael,Instrumentation,Medium,Equipment Failure,2025-02-04,Night,Under Investigation
Pump Vibration Exceeded Acceptable Threshold.,Gas Processing Unit,Paul,Pipeline Operations,Medium,Equipment Failure,2025-12-25,Day,Under Investigation
Gas Detector Triggred Alarm Near Compressor Station.,Refinery,Ahmed,Maintenance,High,Gas Detection,2025-11-30,Night,Open
Small Hydraulic Fluid Leak Found Beneath Crane.,Storage Terminal,Ahmed,Electrical,Medium,Leak,2025-07-23,Night,Open
Corrosion Observed On External Pipeline Coating.,Platform A,Ahmed,Utilities,Medium,Corrosion,2026-03-14,Night,Under Investigation
Emergency Shutdown Activated After Pressure Surge.,Manifold,Mary,Electrical,High,Equipment Failure,2025-06-17,Night,Open
Oil Spill Discovered Near Storage Tank.,Gas Processing Unit,John,Maintenance,High,Oil Spill,2025-07-17,Night,Closed
Gas Detector Triggered Alarm Near Compressor Station.,Pipeline 12,Ahmed,Production,High,Gas Detection,2025-10-04,Day,Open
Pump Vibration Exceeded Acceptable Threshold.,Pipeline 7,Blessing,Hse,Medium,Equipment Failure,2026-01-05,Day,Under Investigation
Fire Extinguisher Inspection Completed Successfully.,Pipeline 8,Chinedu,Hse,Low,Inspection,2026-06-16,Day,Open
Smoke Observed From Electrical Control Panel.,Tank Farm,David,Hse,High,Electrical,2026-03-27,Day,Open
Gas Detector Triggred Alarm Near Compressor Station.,Control Room,Aisha,Production,High,Gas Detection,2026-03-28,Night,Under Investigation
Emergency Shutdown Activated After Pressure Surge.,Pipeline 12,Paul,Maintenance,High,Equipment Failure,2026-02-01,Day,Resolved
Corrosion Observed On External Pipeline Coating.,Platform A,Blessing,Pipeline Operations,Medium,Corrosion,2026-03-04,Day,Open
Worker Slipped On Wet Surface Near Loading Bay.,Unknown,David,Instrumentation,Medium,Slip/Fall,2025-06-22,Night,Under Investigation
Gas Detector Triggered Alarm Near Compressor Station.,Control Room,John,Production,High,Gas Detection,2026-02-08,Night,Open
Emergency Shutdown Activated After Pressure Surge.,Loading Bay,Mary,Inspection,High,Equipment Failure,2025-11-14,Night,Under Investigation
Pressure Leak Detected On Pipeline 7 During Routine Inspection.,Loading Bay,Unknown,Hse,High,Leak,2025-10-19,Day,Resolved
Corrosion Observed On External Pipeline Coating.,Wellhead 12,John,Instrumentation,Medium,Corrosion,2025-03-09,Day,Closed
Emergency Shutdown Activated After Pressure Surge.,Pipeline 7,Mary,Inspection,High,Equipment Failure,2025-03-06,Night,Closed
Fire Extinguisher Inspection Completed Successfully.,Storage Terminal,Ahmed,Instrumentation,Low,Inspection,2026-01-09,Day,Closed
Gas Detector Triggered Alarm Near Compressor Station.,Wellhead 12,John,Electrical,High,Gas Detection,2025-11-15,Day,Closed
Emergency Shutdown Activated After Pressure Surge.,Pipeline 7,Michael,Electrical,High,Equipment Failure,2025-04-11,Day,Resolved
Sensor Calibration Completed Successfully.,Gas Processing Unit,Blessing,Mechanical,Low,Inspection,2026-01-29,Night,Closed
Emergency Shutdown Activated After Pressure Surge.,Loading Bay,Ibrahim,Instrumentation,High,Equipment Failure,2025-04-17,Day,Open
Corrosion Observed On External Pipeline Coating.,Pipeline 12,Daniel,Maintenance,Medium,Corrosion,2025-11-06,Night,Resolved
Small Hydraulic Fluid Leak Found Beneath Crane.,Platform B,David,Instrumentation,Medium,Leak,2025-07-08,Day,Open
Smoke Observed From Electrical Control Panel.,Storage Terminal,Chinedu,Maintenance,High,Electrical,2026-06-17,Day,Resolved
Smoke Observed From Electrical Control Panel.,Loading Bay,Grace,Electrical,High,Electrical,,Day,Under Investigation
Oil Spill Discovered Near Storage Tank.,Unknown,Joy,Mechanical,High,Oil Spill,2026-01-18,Night,Under Investigation
Corrosion Observed On External Pipeline Coating.,Pipeline 12,John,Utilities,M,Corrosion,2025-02-23,Day,Resolved
Sensor Calibration Completed Successfully.,Tank Farm,Joy,Instrumentation,Low,Inspection,2025-07-01,Day,Open
Corrosion Observed On External Pipeline Coating.,Storage Terminal,Ibrahim,Maintenance,Medium,Corrosion,2026-06-03,Day,Resolved
Smoke Observed From Electrical Control Panel.,Compressor Station,Joy,Inspection,High,Electrical,2026-06-22,Night,Under Investigation
Pump Vibration Exceeded Acceptable Threshold.,Storage Terminal,Daniel,Instrumentation,Medium,Equipment Failure,2025-10-01,Night,Resolved
Worker Slipped On Wet Surface Near Loading Bay.,Platform A,Aisha,Pipeline Operations,Medium,Slip/Fall,2026-06-13,Day,Under Investigation
Smoke Observed From Electrical Control Panel.,Pipeline 7,Michael,Maintenance,High,Electrical,2025-06-21,Night,Closed
Sensor Calibration Completed Successfully.,Compressor Station,Blessing,Inspection,Low,Inspection,2026-06-05,Day,Resolved
Abnormal Temperature Recorded In Processing Unit.,Loading Bay,John,Mechanical,Medium,Equipment Failure,2025-06-09,Night,Under Investigation
Emergency Shutdown Activated After Pressure Surge.,Compressor Station,Daniel,Mechanical,High,Equipment Failure,2025-08-19,Day,Resolved
Small Hydraulic Fluid Leak Found Beneath Crane.,Control Room,Blessing,Mechanical,Medium,Leak,2026-02-10,Night,Open
Emergency Shutdown Activated After Pressure Surge.,Refinery,Paul,Instrumentation,High,Equipment Failure,2025-04-01,Night,Resolved
Routine Valve Maintainance Completed Without Issues.,Pipeline 7,Aisha,Pipeline Operations,Low,Maintenance,2025-12-28,Night,Under Investigation
Sensor Calibration Completed Successfully.,Platform A,Ahmed,Electrical,Low,Inspection,2026-05-03,Night,Closed
Pressure Leak Detected On Pipeline 7 During Routine Inspection.,Pipeline 12,Michael,Mechanical,High,Leak,,Night,Resolved
Emergency Shutdown Activated After Pressure Surge.,Unknown,John,Utilities,High,Equipment Failure,2025-05-09,Night,Under Investigation
Abnormal Temperature Recorded In Processing Unit.,Platform B,Daniel,Production,Medium,Equipment Failure,2025-12-21,Day,Open
Gas Detector Triggered Alarm Near Compressor Station.,Compressor Station,Michael,Electrical,High,Gas Detection,2025-01-11,Night,Resolved
Fire Extinguisher Inspection Completed Successfully.,Gas Processing Unit,Samuel,Production,Low,Inspection,2025-07-12,Day,Under Investigation
Corrosion Observed On External Pipeline Coating.,Tank Farm,Unknown,Instrumentation,Medium,Corrosion,2026-05-16,Day,Resolved
Gas Detector Triggered Alarm Near Compressor Station.,Tank Farm,Mary,Instrumentation,High,Gas Detection,2025-04-15,Day,Under Investigation
Gas Detector Triggered Alarm Near Compressor Station.,Gas Processing Unit,Aisha,Utilities,High,Gas Detection,2025-06-29,Day,Open
Loose Flange Bolts Discovered During Maintenance.,Pipeline 8,Ibrahim,Mechanical,Medium,Mechanical,,Night,Open
Fire Extinguisher Inspection Completed Successfully.,Pipeline 7,Aisha,Hse,Low,Inspection,2026-06-04,Night,Resolved
Loose Flange Bolts Discovered During Maintenance.,Control Room,Ahmed,Utilities,M,Mechanical,2026-01-12,Night,Open
Pump Vibration Exceeded Acceptable Threshold.,Storage Terminal,Michael,Production,Medium,Equipment Failure,2025-01-28,Night,Resolved
Abnormal Temperature Recorded In Processing Unit.,Tank Farm,John,Inspection,Medium,Equipment Failure,2025-10-21,Night,Under Investigation
Worker Slipped On Wet Surface Near Loading Bay.,Tank Farm,Chinedu,Mechanical,Medium,Slip/Fall,2026-01-05,Day,Open
Unauthorized Personnel Entered Restricted Area.,Wellhead 12,Paul,Maintenance,High,Security,2025-08-01,Night,Closed
Small Hydraulic Fluid Leak Found Beneath Crane.,Wellhead 12,Unknown,Inspection,Medium,Leak,2025-11-16,Day,Closed
Routine Valve Maintenance Completed Without Issues.,Wellhead 12,Joy,Utilities,Low,Maintenance,2026-05-03,Night,Resolved
Sensor Calibration Completed Successfully.,Manifold,David,Instrumentation,Low,Inspection,2025-10-28,Day,Resolved
Loose Flange Bolts Discovered During Maintenance.,Wellhead 12,Aisha,Utilities,Medium,Mechanical,2026-01-27,Day,Closed
Sensor Calibration Completed Successfully.,Pipeline 7,Michael,Instrumentation,L,Inspection,2026-06-06,Night,Under Investigation
Unknown,Platform A,Joy,Hse,High,Security,2025-06-29,Day,Resolved
Sensor Calibration Completed Successfully.,Gas Processing Unit,Aisha,Instrumentation,Low,Inspection,2025-03-06,Night,Resolved
Small Hydraulic Fluid Leak Found Beneath Crane.,Loading Bay,Unknown,Maintenance,Medium,Leak,2025-06-22,Night,Closed
Worker Slipped On Wet Surface Near Loading Bay.,Flow Station,David,Instrumentation,Medium,Slip/Fall,2025-06-08,Day,Resolved
Oil Spill Discovered Near Storage Tank.,Storage Terminal,Grace,Inspection,High,Oil Spill,2025-10-31,Day,Open
Sensor Calibration Completed Successfully.,Control Room,David,Inspection,Low,Inspection,2026-04-04,Day,Closed
Worker Slipped On Wet Surface Near Loading Bay.,Flow Station,Fatima,Maintenance,Medium,Slip/Fall,2025-11-30,Day,Open
Corrosion Observed On External Pipeline Coating.,Pipeline 7,Fatima,Inspection,Medium,Corrosion,,Day,Resolved
Fire Extinguisher Inspection Completed Successfully.,Pipeline 12,Aisha,Electrical,Low,Inspection,2026-06-21,Day,Closed
Emergency Shutdown Activated After Pressure Surge.,Pipeline 8,Ibrahim,Maintenance,High,Equipment Failure,2025-09-01,Night,Closed
Routine Valve Maintenance Completed Without Issues.,Flow Station,Michael,Utilities,Low,Maintenance,2026-02-14,Day,Resolved
Oil Spill Discovered Near Storage Tank.,Refinery,Ibrahim,Maintenance,High,Oil Spill,2025-05-28,Day,Closed
Oil Spill Discovered Near Storage Tank.,Gas Processing Unit,Daniel,Mechanical,High,Oil Spill,2026-06-02,Day,Closed
Worker Slipped On Wet Surface Near Loading Bay.,Compressor Station,Michael,Inspection,Medium,Slip/Fall,2026-05-26,Day,Open
Oil Spill Discovered Near Storage Tank.,Loading Bay,Michael,Pipeline Operations,High,Oil Spill,2026-05-26,Night,Closed
Abnormal Temprature Recorded In Processing Unit.,Loading Bay,Joy,Inspection,Medium,Equipment Failure,2026-03-19,Day,Under Investigation
Oil Spill Discovered Near Storage Tank.,Compressor Station,David,Hse,H,Oil Spill,2025-08-30,Day,Closed
Corrosion Observed On External Pipeline Coating.,Pipeline 7,Daniel,Production,Medium,Corrosion,2026-02-24,Night,Resolved
Gas Detector Triggered Alarm Near Compressor Station.,Pipeline 12,Samuel,Utilities,High,Gas Detection,2026-06-01,Day,Resolved
Abnormal Temperature Recorded In Processing Unit.,Platform B,Aisha,Mechanical,Medium,Equipment Failure,2025-01-25,Day,Under Investigation
Pump Vibration Exceeded Acceptable Threshold.,Pipeline 12,Samuel,Mechanical,Medium,Equipment Failure,,Day,Resolved
Routine Valve Maintenance Completed Without Issues.,Tank Farm,Fatima,Production,Low,Maintenance,2025-08-25,Night,Under Investigation
Oil Spill Discovered Near Storage Tank.,Storage Terminal,Mary,Production,High,Oil Spill,2025-04-16,Day,Under Investigation
Pump Vibration Exceeded Acceptable Threshold.,Control Room,Samuel,Mechanical,Medium,Equipment Failure,2026-02-01,Day,Closed
Corrosion Observed On External Pipeline Coating.,Pipeline 12,Daniel,Utilities,Medium,Corrosion,2025-07-31,Night,Closed
Loose Flange Bolts Discovered During Maintenance.,Flow Station,Daniel,Electrical,Medium,Mechanical,2025-09-07,Night,Under Investigation
Fire Extinguisher Inspection Completed Successfully.,Pipeline 12,David,Utilities,Low,Inspection,2026-02-09,Night,Open
Small Hydraulic Fluid Leak Found Beneath Crane.,Manifold,Grace,Mechanical,Medium,Leak,2025-08-19,Day,Closed
Unknown,Tank Farm,Samuel,Utilities,High,Security,2025-01-04,Night,Under Investigation
Routine Valve Maintenance Completed Without Issues.,Loading Bay,John,Inspection,Low,Maintenance,2025-01-24,Night,Closed
Sensor Calibration Completed Successfully.,Platform B,Michael,Mechanical,Low,Inspection,2025-07-06,Day,Closed
Abnormal Temprature Recorded In Processing Unit.,Pipeline 12,Michael,Hse,Medium,Equipment Failure,2026-02-15,Night,Open
Fire Extinguisher Inspection Completed Successfully.,Storage Terminal,Ibrahim,Hse,Low,Inspection,2025-11-29,Day,Open
Corrosion Observed On External Pipeline Coating.,Gas Processing Unit,Joy,Mechanical,Medium,Corrosion,2025-11-06,Day,Under Investigation
Worker Slipped On Wet Surface Near Loading Bay.,Refinery,David,Mechanical,Medium,Slip/Fall,2026-05-08,Day,Open
Corrosion Observed On External Pipeline Coating.,Pipeline 12,Samuel,Instrumentation,Medium,Corrosion,2025-08-23,Day,Resolved
Presssure Leak Detected On Pipline 7 During Routine Inspection.,Manifold,Paul,Utilities,High,Leak,2025-05-15,Day,Closed
Pressure Leak Detected On Pipeline 7 During Routine Inspection.,Gas Processing Unit,Aisha,Production,High,Leak,2026-06-07,Night,Resolved
Oil Spill Discovered Near Storage Tank.,Loading Bay,Blessing,Inspection,High,Oil Spill,2025-11-29,Night,Closed
Abnormal Temperature Recorded In Processing Unit.,Storage Terminal,Grace,Inspection,Medium,Equipment Failure,2025-02-05,Day,Under Investigation
Oil Spill Discovered Near Storage Tank.,Control Room,Samuel,Hse,High,Oil Spill,2025-05-21,Night,Under Investigation
Worker Slipped On Wet Surface Near Loading Bay.,Platform A,Michael,Production,Medium,Slip/Fall,2026-01-17,Day,Under Investigation
Unknown,Storage Terminal,Samuel,Pipeline Operations,High,Gas Detection,2025-01-22,Night,Open
Emergency Shutdown Activated After Pressure Surge.,Storage Terminal,Ibrahim,Utilities,High,Equipment Failure,2025-04-19,Day,Closed
Loose Flange Bolts Discovered During Maintainance.,Flow Station,Paul,Hse,Medium,Mechanical,2026-02-26,Day,Resolved
Unauthorized Personnel Entered Restricted Area.,Loading Bay,David,Inspection,High,Security,2025-12-05,Night,Resolved
Unauthorized Personnel Entered Restricted Area.,Gas Processing Unit,Joy,Hse,High,Security,2026-05-13,Night,Under Investigation
Worker Slipped On Wet Surface Near Loading Bay.,Wellhead 12,Samuel,Electrical,Medium,Slip/Fall,2025-03-08,Day,Closed
Emergency Shutdown Activated After Pressure Surge.,Refinery,Ahmed,Pipeline Operations,High,Equipment Failure,2026-01-05,Night,Resolved
Emergency Shutdown Activated After Pressure Surge.,Platform A,Grace,Utilities,High,Equipment Failure,2025-01-26,Day,Closed
Unknown,Control Room,Chinedu,Maintenance,Medium,Slip/Fall,2025-09-26,Day,Resolved
Worker Slipped On Wet Surface Near Loading Bay.,Manifold,Chinedu,Electrical,Medium,Slip/Fall,2026-01-27,Night,Closed
Smoke Observed From Electrical Control Panel.,Pipeline 7,Aisha,Inspection,High,Electrical,2025-06-13,Day,Open
Loose Flange Bolts Discovered During Maintenance.,Wellhead 12,Fatima,Utilities,Medium,Mechanical,2025-07-28,Night,Resolved
Abnormal Temprature Recorded In Processing Unit.,Manifold,Aisha,Electrical,Medium,Equipment Failure,2025-11-15,Night,Closed
Loose Flange Bolts Discovered During Maintenance.,Storage Terminal,Ibrahim,Maintenance,Medium,Mechanical,2025-12-02,Day,Under Investigation
Abnormal Temperature Recorded In Processing Unit.,Gas Processing Unit,Chinedu,Pipeline Operations,Medium,Equipment Failure,,Night,Under Investigation
Sensor Calibration Completed Successfully.,Wellhead 12,Joy,Production,Low,Inspection,2025-01-19,Night,Open
Unauthorized Personnel Entered Restricted Area.,Manifold,Ahmed,Pipeline Operations,High,Security,2026-02-16,Day,Closed
Small Hydraulic Fluid Leak Found Beneath Crane.,Pipeline 8,Michael,Utilities,Medium,Leak,2025-07-14,Night,Closed
Corrosion Observed On External Pipeline Coating.,Flow Station,Grace,Mechanical,Medium,Corrosion,2025-01-24,Day,Open
Abnormal Temperature Recorded In Processing Unit.,Platform A,Samuel,Utilities,Medium,Equipment Failure,,Day,Resolved
Unknown,Wellhead 12,Chinedu,Inspection,Medium,Leak,,Night,Open
Routine Valve Maintenance Completed Without Issues.,Pipeline 8,Daniel,Utilities,Low,Maintenance,2025-03-16,Day,Resolved
Unauthorized Personnel Entered Restricted Area.,Compressor Station,Grace,Electrical,High,Security,2025-05-24,Day,Closed
Unknown,Pipeline 12,Aisha,Hse,Medium,Corrosion,2025-11-10,Day,Closed
Corrosion Observed On External Pipeline Coating.,Pipeline 7,Daniel,Hse,Medium,Corrosion,2026-01-17,Night,Open
Corrosion Observed On External Pipeline Coating.,Compressor Station,Blessing,Hse,Medium,Corrosion,2025-01-15,Day,Under Investigation
Gas Detector Triggred Alarm Near Compressor Station.,Flow Station,Daniel,Electrical,High,Gas Detection,2026-06-13,Night,Closed
Pump Vibration Exceeded Acceptable Threshold.,Control Room,Fatima,Mechanical,Medium,Equipment Failure,2025-08-03,Night,Resolved
Pressure Leak Detected On Pipeline 7 During Routine Inspection.,Pipeline 8,Joy,Pipeline Operations,High,Leak,2025-04-21,Day,Resolved
Fire Extinguisher Inspection Completed Successfully.,Platform A,Mary,Electrical,Low,Inspection,2025-01-11,Day,Under Investigation
Small Hydraulic Fluid Leak Found Beneath Crane.,Manifold,Michael,Maintenance,Medium,Leak,2025-06-17,Night,Under Investigation
Gas Detector Triggered Alarm Near Compressor Station.,Manifold,Paul,Mechanical,High,Gas Detection,2025-01-19,Day,Under Investigation
Unknown,Compressor Station,Aisha,Hse,Medium,Mechanical,2026-02-25,Night,Under Investigation
Gas Detector Triggered Alarm Near Compressor Station.,Pipeline 12,Samuel,Maintenance,High,Gas Detection,2025-11-13,Night,Resolved
Emergency Shutdown Activated After Pressure Surge.,Loading Bay,Paul,Hse,High,Equipment Failure,2025-06-23,Day,Closed
Sensor Calibration Completed Successfully.,Loading Bay,Samuel,Utilities,Low,Inspection,2025-03-15,Day,Resolved
Smoke Observed From Electrical Control Panel.,Control Room,Grace,Mechanical,High,Electrical,2026-02-09,Day,Resolved
Unknown,Tank Farm,Mary,Electrical,High,Oil Spill,2025-10-15,Day,Open
Routine Valve Maintenance Completed Without Issues.,Loading Bay,Michael,Maintenance,Low,Maintenance,2026-05-07,Night,Closed
Emergency Shutdown Activated After Pressure Surge.,Wellhead 12,Ahmed,Production,High,Equipment Failure,2025-10-08,Day,Closed
Gas Detector Triggered Alarm Near Compressor Station.,Pipeline 8,Chinedu,Hse,High,Gas Detection,2025-12-12,Day,Under Investigation
Smoke Observed From Electrical Control Panel.,Loading Bay,Ibrahim,Hse,High,Electrical,2025-03-22,Day,Open
Smoke Observed From Electrical Control Panel.,Compressor Station,Unknown,Utilities,High,Electrical,2026-03-12,Day,Under Investigation
Loose Flange Bolts Discovered During Maintenance.,Control Room,Grace,Hse,Medium,Mechanical,2026-04-18,Day,Resolved
Gas Detector Triggered Alarm Near Compressor Station.,Platform A,Grace,Maintenance,High,Gas Detection,2026-06-09,Night,Closed
Pump Vibration Exceeded Acceptable Threshold.,Pipeline 12,David,Production,Medium,Equipment Failure,2026-02-18,Night,Closed
Fire Extinguisher Inspection Completed Successfully.,Gas Processing Unit,Paul,Mechanical,Low,Inspection,2025-06-12,Day,Under Investigation
Abnormal Temprature Recorded In Processing Unit.,Storage Terminal,John,Inspection,Medium,Equipment Failure,2026-03-25,Night,Closed
Loose Flange Bolts Discovered During Maintenance.,Platform B,David,Hse,Medium,Mechanical,2025-02-27,Day,Resolved
Corrosion Observed On External Pipeline Coating.,Pipeline 7,Paul,Pipeline Operations,Medium,Corrosion,2026-01-09,Night,Closed
Smoke Observed From Electrical Control Panel.,Refinery,Blessing,Production,High,Electrical,2025-07-18,Night,Closed
Presssure Leak Detected On Pipline 7 During Routine Inspection.,Control Room,Mary,Maintenance,High,Leak,2025-05-06,Day,Closed
Sensor Calibration Completed Successfully.,Compressor Station,Paul,Electrical,Low,Inspection,2026-06-15,Day,Open
Smoke Observed From Electrical Control Panel.,Pipeline 8,Grace,Mechanical,High,Electrical,2026-05-06,Night,Closed
Small Hydraulic Fluid Leak Found Beneath Crane.,Refinery,Paul,Mechanical,Medium,Leak,2025-04-07,Day,Under Investigation
Corrosion Observed On External Pipeline Coating.,Manifold,Daniel,Instrumentation,Medium,Corrosion,2025-12-18,Day,Closed
Worker Slipped On Wet Surface Near Loading Bay.,Platform A,Blessing,Hse,Medium,Slip/Fall,2025-07-02,Night,Open
Fire Extinguisher Inspection Completed Successfully.,Control Room,Michael,Utilities,Low,Inspection,2026-05-24,Night,Under Investigation
Loose Flange Bolts Discovered During Maintenance.,Pipeline 12,Joy,Production,Medium,Mechanical,2025-08-20,Night,Under Investigation
Smoke Observed From Electrical Control Panel.,Pipeline 8,Blessing,Inspection,High,Electrical,2026-01-16,Day,Closed
Oil Spill Discovered Near Storage Tank.,Wellhead 12,Daniel,Instrumentation,High,Oil Spill,2025-02-06,Night,Resolved
Corrosion Observed On External Pipeline Coating.,Unknown,Paul,Instrumentation,Medium,Corrosion,2025-05-04,Night,Under Investigation
Gas Detector Triggered Alarm Near Compressor Station.,Loading Bay,Grace,Inspection,High,Gas Detection,2025-02-15,Day,Closed
Worker Slipped On Wet Surface Near Loading Bay.,Platform B,Unknown,Hse,Medium,Slip/Fall,2025-07-11,Day,Open
Oil Spill Discovered Near Storage Tank.,Compressor Station,David,Instrumentation,High,Oil Spill,2025-03-25,Day,Under Investigation
Emergency Shutdown Activated After Pressure Surge.,Refinery,Ibrahim,Utilities,High,Equipment Failure,2025-11-14,Night,Resolved
Fire Extinguisher Inspection Completed Successfully.,Pipeline 12,Ahmed,Maintenance,Low,Inspection,2025-04-05,Night,Open
Pump Vibration Exceeded Acceptable Threshold.,Platform A,Blessing,Pipeline Operations,Medium,Equipment Failure,2025-01-06,Night,Closed
Unauthorized Personnel Entered Restricted Area.,Loading Bay,Blessing,Production,H,Security,2025-08-16,Night,Under Investigation
Unauthorized Personnel Entered Restricted Area.,Flow Station,David,Maintenance,High,Security,2025-11-12,Day,Resolved
Loose Flange Bolts Discovered During Maintenance.,Compressor Station,John,Hse,Medium,Mechanical,2025-10-22,Night,Resolved
Unknown,Loading Bay,Aisha,Electrical,High,Leak,2025-03-03,Night,Open
Oil Spill Discovered Near Storage Tank.,Manifold,Aisha,Electrical,High,Oil Spill,2025-08-11,Day,Resolved
Abnormal Temperature Recorded In Processing Unit.,Pipeline 7,Michael,Hse,Medium,Equipment Failure,2025-09-29,Night,Resolved
Oil Spill Discovered Near Storage Tank.,Storage Terminal,Michael,Electrical,High,Oil Spill,2025-07-14,Day,Resolved
Fire Extinguisher Inspection Completed Successfully.,Platform A,John,Maintenance,Low,Inspection,2025-10-04,Night,Resolved
Pressure Leak Detected On Pipeline 7 During Routine Inspection.,Tank Farm,David,Electrical,High,Leak,2025-02-02,Day,Resolved
Unknown,Manifold,Daniel,Utilities,Medium,Slip/Fall,2025-12-31,Night,Under Investigation
Loose Flange Bolts Discovered During Maintenance.,Compressor Station,Fatima,Pipeline Operations,Medium,Mechanical,2025-04-29,Day,Under Investigation
Oil Spill Discovered Near Storage Tank.,Platform A,Mary,Utilities,High,Oil Spill,2025-09-13,Night,Under Investigation
Small Hydraulic Fluid Leak Found Beneath Crane.,Compressor Station,Joy,Electrical,Medium,Leak,2025-08-19,Night,Resolved
Unknown,Storage Terminal,Fatima,Instrumentation,Low,Inspection,2025-12-31,Night,Resolved
Loose Flange Bolts Discovered During Maintenance.,Pipeline 7,Chinedu,Production,Medium,Mechanical,2026-01-24,Day,Under Investigation
Smoke Observed From Electrical Control Panel.,Manifold,Samuel,Production,High,Electrical,2025-10-08,Night,Open
Gas Detector Triggred Alarm Near Compressor Station.,Pipeline 12,Samuel,Utilities,High,Gas Detection,2025-05-28,Night,Open
Emergency Shutdown Activated After Pressure Surge.,Flow Station,Daniel,Inspection,High,Equipment Failure,2025-12-31,Day,Resolved
Gas Detector Triggered Alarm Near Compressor Station.,Manifold,Daniel,Instrumentation,High,Gas Detection,2025-02-25,Night,Closed
Abnormal Temprature Recorded In Processing Unit.,Manifold,Blessing,Inspection,Medium,Equipment Failure,,Day,Closed
Worker Slipped On Wet Surface Near Loading Bay.,Pipeline 7,Daniel,Pipeline Operations,Medium,Slip/Fall,2025-06-11,Day,Closed
Pump Vibration Exceeded Acceptable Threshold.,Pipeline 7,Mary,Inspection,Medium,Equipment Failure,2026-05-05,Night,Under Investigation
Worker Slipped On Wet Surface Near Loading Bay.,Tank Farm,John,Maintenance,Medium,Slip/Fall,2026-03-16,Day,Open
Loose Flange Bolts Discovered During Maintenance.,Platform B,Chinedu,Production,Medium,Mechanical,2025-03-10,Day,Open
Pump Vibration Exceeded Acceptable Threshold.,Pipeline 12,Daniel,Mechanical,Medium,Equipment Failure,2026-06-21,Night,Resolved
Unknown,Unknown,Grace,Production,High,Leak,2025-06-20,Day,Resolved
Sensor Calibration Completed Successfully.,Control Room,Blessing,Inspection,Low,Inspection,2025-08-03,Day,Under Investigation
Unauthorized Personnel Entered Restricted Area.,Pipeline 7,Ibrahim,Mechanical,High,Security,2026-04-16,Night,Under Investigation
Gas Detector Triggered Alarm Near Compressor Station.,Pipeline 12,Ibrahim,Mechanical,High,Gas Detection,2025-08-29,Day,Resolved
Pump Vibration Exceeded Acceptable Threshold.,Compressor Station,Grace,Instrumentation,Medium,Equipment Failure,2025-12-01,Night,Closed
Pump Vibration Exceeded Acceptable Threshold.,Pipeline 8,Daniel,Pipeline Operations,Medium,Equipment Failure,2026-01-26,Day,Resolved
Abnormal Temperature Recorded In Processing Unit.,Platform B,Mary,Utilities,Medium,Equipment Failure,2025-11-21,Night,Open
Abnormal Temperature Recorded In Processing Unit.,Tank Farm,Blessing,Pipeline Operations,Medium,Equipment Failure,2025-07-08,Night,Resolved
Small Hydraulic Fluid Leak Found Beneath Crane.,Gas Processing Unit,Ibrahim,Mechanical,Medium,Leak,2026-06-20,Night,Under Investigation
Sensor Calibration Completed Successfully.,Flow Station,Fatima,Electrical,Low,Inspection,2026-05-11,Day,Resolved
Pump Vibration Exceeded Acceptable Threshold.,Loading Bay,Ibrahim,Production,Medium,Equipment Failure,2025-10-10,Night,Closed
Corrosion Observed On External Pipeline Coating.,Flow Station,Aisha,Inspection,Medium,Corrosion,2025-12-16,Night,Open
Routine Valve Maintenance Completed Without Issues.,Flow Station,Michael,Mechanical,Low,Maintenance,2025-12-07,Day,Open
Routine Valve Maintenance Completed Without Issues.,Pipeline 7,David,Production,Low,Maintenance,2026-02-12,Day,Under Investigation
Worker Slipped On Wet Surface Near Loading Bay.,Manifold,David,Maintenance,Medium,Slip/Fall,2025-04-17,Day,Open
Pump Vibration Exceeded Acceptable Threshold.,Manifold,Fatima,Electrical,Medium,Equipment Failure,2025-07-16,Night,Resolved
Oil Spill Discovered Near Storage Tank.,Manifold,Grace,Electrical,High,Oil Spill,,Night,Under Investigation
Worker Slipped On Wet Surface Near Loading Bay.,Flow Station,Joy,Instrumentation,Medium,Slip/Fall,2025-10-06,Day,Open
Gas Detector Triggered Alarm Near Compressor Station.,Platform A,Chinedu,Mechanical,High,Gas Detection,2025-02-24,Day,Closed
Fire Extinguisher Inspection Completed Successfully.,Loading Bay,Blessing,Production,Low,Inspection,2025-11-24,Night,Open
Oil Spill Discovered Near Storage Tank.,Pipeline 7,John,Electrical,High,Oil Spill,2025-07-18,Day,Under Investigation
Emergency Shutdown Activated After Pressure Surge.,Manifold,Mary,Hse,High,Equipment Failure,2026-01-18,Night,Under Investigation
Fire Extinguisher Inspection Completed Successfully.,Storage Terminal,Samuel,Hse,Low,Inspection,2026-06-15,Day,Open
Sensor Calibration Completed Successfully.,Refinery,David,Pipeline Operations,L,Inspection,2025-07-25,Night,Resolved
Worker Slipped On Wet Surface Near Loading Bay.,Tank Farm,Fatima,Instrumentation,Medium,Slip/Fall,2025-05-16,Day,Closed
Unauthorized Personnel Entered Restricted Area.,Tank Farm,David,Inspection,High,Security,2026-02-28,Night,Under Investigation
Loose Flange Bolts Discovered During Maintenance.,Control Room,Mary,Electrical,Medium,Mechanical,2026-06-13,Night,Under Investigation
Loose Flange Bolts Discovered During Maintenance.,Tank Farm,Joy,Electrical,M,Mechanical,2025-09-05,Day,Under Investigation
Emergency Shutdown Activated After Pressure Surge.,Pipeline 7,Michael,Mechanical,High,Equipment Failure,,Day,Open
Gas Detector Triggered Alarm Near Compressor Station.,Control Room,Michael,Inspection,High,Gas Detection,2025-08-17,Night,Closed
Gas Detector Triggered Alarm Near Compressor Station.,Flow Station,Blessing,Inspection,High,Gas Detection,,Day,Open
Unauthorized Personnel Entered Restricted Area.,Compressor Station,Joy,Maintenance,High,Security,2025-06-25,Day,Resolved
Emergency Shutdown Activated After Pressure Surge.,Storage Terminal,Grace,Inspection,High,Equipment Failure,2026-05-24,Day,Open
Smoke Observed From Electrical Control Panel.,Pipeline 8,Samuel,Utilities,High,Electrical,2025-09-04,Day,Resolved
Loose Flange Bolts Discovered During Maintenance.,Refinery,Fatima,Utilities,Medium,Mechanical,2025-02-08,Day,Open
Emergency Shutdown Activated After Pressure Surge.,Manifold,Mary,Hse,High,Equipment Failure,,Night,Open
Smoke Observed From Electrical Control Panel.,Wellhead 12,Ahmed,Electrical,High,Electrical,2025-12-02,Night,Open
Pump Vibration Exceeded Acceptable Threshold.,Tank Farm,Grace,Mechanical,Medium,Equipment Failure,2025-09-24,Night,Closed
Pressure Leak Detected On Pipeline 7 During Routine Inspection.,Refinery,Ahmed,Pipeline Operations,High,Leak,2025-06-28,Night,Open
Routine Valve Maintenance Completed Without Issues.,Gas Processing Unit,Daniel,Mechanical,Low,Maintenance,2026-06-10,Day,Resolved
Emergency Shutdown Activated After Pressure Surge.,Flow Station,Ibrahim,Utilities,High,Equipment Failure,2026-05-02,Night,Under Investigation
Pump Vibration Exceeded Acceptable Threshold.,Gas Processing Unit,Chinedu,Hse,Medium,Equipment Failure,2026-06-25,Night,Under Investigation
Unknown,Platform B,Paul,Instrumentation,Medium,Equipment Failure,2025-07-21,Day,Open
Small Hydraulic Fluid Leak Found Beneath Crane.,Pipeline 12,Blessing,Utilities,Medium,Leak,2025-04-10,Night,Under Investigation
Loose Flange Bolts Discovered During Maintenance.,Pipeline 8,David,Utilities,Medium,Mechanical,2025-04-16,Night,Closed
Sensor Calibration Completed Successfully.,Compressor Station,David,Utilities,Low,Inspection,2025-01-05,Night,Under Investigation
Gas Detector Triggered Alarm Near Compressor Station.,Compressor Station,Joy,Utilities,High,Gas Detection,,Night,Open
Loose Flange Bolts Discovered During Maintenance.,Pipeline 7,Ahmed,Instrumentation,Medium,Mechanical,2025-03-30,Night,Closed
Emergency Shutdown Activated After Pressure Surge.,Pipeline 12,Chinedu,Inspection,High,Equipment Failure,2025-09-17,Night,Open
Small Hydraulic Fluid Leak Found Beneath Crane.,Tank Farm,Joy,Pipeline Operations,Medium,Leak,2025-01-03,Night,Under Investigation
Routine Valve Maintenance Completed Without Issues.,Loading Bay,Aisha,Mechanical,Low,Maintenance,2025-08-09,Night,Closed
Pump Vibration Exceeded Acceptable Threshold.,Pipeline 8,Daniel,Hse,Medium,Equipment Failure,,Night,Closed
Oil Spill Discovered Near Storage Tank.,Loading Bay,Michael,Production,High,Oil Spill,2026-01-17,Night,Under Investigation
Unauthorized Personnel Entered Restricted Area.,Gas Processing Unit,David,Inspection,High,Security,2025-11-22,Day,Closed
Routine Valve Maintenance Completed Without Issues.,Gas Processing Unit,Unknown,Hse,Low,Maintenance,2025-05-28,Day,Resolved
Gas Detector Triggered Alarm Near Compressor Station.,Wellhead 12,Aisha,Inspection,High,Gas Detection,2026-04-28,Night,Open
Gas Detector Triggred Alarm Near Compressor Station.,Platform A,Paul,Hse,High,Gas Detection,2025-12-22,Night,Open
Abnormal Temperature Recorded In Processing Unit.,Platform A,Ibrahim,Mechanical,Medium,Equipment Failure,2026-05-13,Night,Closed
Fire Extinguisher Inspection Completed Successfully.,Control Room,Unknown,Utilities,Low,Inspection,2026-03-23,Night,Open
Small Hydraulic Fluid Leak Found Beneath Crane.,Refinery,Samuel,Hse,Medium,Leak,2025-08-13,Day,Resolved
Emergency Shutdown Activated After Pressure Surge.,Compressor Station,Samuel,Electrical,High,Equipment Failure,2026-05-23,Night,Open
Routine Valve Maintenance Completed Without Issues.,Compressor Station,Chinedu,Electrical,Low,Maintenance,2025-10-22,Night,Open
Pump Vibration Exceeded Acceptable Threshold.,Refinery,Aisha,Hse,Medium,Equipment Failure,2025-02-07,Day,Open
Emergency Shutdown Activated After Pressure Surge.,Gas Processing Unit,Aisha,Hse,High,Equipment Failure,2025-09-08,Day,Open
Worker Slipped On Wet Surface Near Loading Bay.,Storage Terminal,Blessing,Electrical,Medium,Slip/Fall,2025-02-25,Day,Resolved
Emergency Shutdown Activated After Pressure Surge.,Pipeline 8,Samuel,Utilities,High,Equipment Failure,2025-04-23,Day,Under Investigation
Routine Valve Maintainance Completed Without Issues.,Manifold,Michael,Production,Low,Maintenance,2025-03-19,Day,Open
Small Hydraulic Fluid Leak Found Beneath Crane.,Tank Farm,Ahmed,Maintenance,Medium,Leak,,Night,Open
Corrosion Observed On External Pipeline Coating.,Tank Farm,Aisha,Hse,Medium,Corrosion,2026-05-25,Day,Open
Corrosion Observed On External Pipeline Coating.,Loading Bay,Chinedu,Utilities,Medium,Corrosion,2026-02-10,Night,Resolved
Smoke Observed From Electrical Control Panel.,Platform A,Joy,Production,High,Electrical,2025-10-30,Day,Closed
Unauthorized Personnel Entered Restricted Area.,Platform A,David,Production,High,Security,2025-05-24,Day,Resolved
Fire Extinguisher Inspection Completed Successfully.,Gas Processing Unit,Joy,Instrumentation,Low,Inspection,2025-06-03,Night,Under Investigation
Pump Vibration Exceeded Acceptable Threshold.,Refinery,Chinedu,Utilities,Medium,Equipment Failure,2025-07-30,Night,Closed
Routine Valve Maintenance Completed Without Issues.,Flow Station,David,Instrumentation,Low,Maintenance,2025-11-18,Night,Open
Fire Extinguisher Inspection Completed Successfully.,Control Room,Fatima,Hse,Low,Inspection,2025-09-22,Night,Closed
Corrosion Observed On External Pipeline Coating.,Pipeline 8,Paul,Instrumentation,Medium,Corrosion,2025-02-16,Day,Closed
Worker Slipped On Wet Surface Near Loading Bay.,Wellhead 12,Fatima,Inspection,Medium,Slip/Fall,2026-05-10,Night,Under Investigation
Routine Valve Maintenance Completed Without Issues.,Platform B,Grace,Mechanical,L,Maintenance,2025-12-12,Night,Open
Oil Spill Discovered Near Storage Tank.,Storage Terminal,Paul,Production,High,Oil Spill,2025-08-20,Day,Open
Unauthorized Personnel Entered Restricted Area.,Flow Station,Michael,Inspection,High,Security,2025-08-24,Night,Open
Small Hydraulic Fluid Leak Found Beneath Crane.,Control Room,Ahmed,Mechanical,Medium,Leak,2025-01-13,Night,Under Investigation
Smoke Observed From Electrical Control Panel.,Pipeline 12,Daniel,Hse,High,Electrical,2025-02-20,Night,Under Investigation
Corrosion Observed On External Pipeline Coating.,Tank Farm,Ahmed,Pipeline Operations,Medium,Corrosion,2026-02-27,Night,Under Investigation
Pump Vibration Exceeded Acceptable Threshold.,Platform A,Samuel,Pipeline Operations,Medium,Equipment Failure,2025-10-12,Day,Closed
Oil Spill Discovered Near Storage Tank.,Pipeline 8,Aisha,Instrumentation,High,Oil Spill,2026-05-10,Night,Closed
Emergency Shutdown Activated After Pressure Surge.,Platform A,Chinedu,Inspection,High,Equipment Failure,2026-05-01,Day,Open
Smoke Observed From Electrical Control Panel.,Control Room,Daniel,Inspection,High,Electrical,2026-03-13,Night,Under Investigation
Pressure Leak Detected On Pipeline 7 During Routine Inspection.,Pipeline 12,Samuel,Production,High,Leak,2025-11-02,Day,Under Investigation
Fire Extinguisher Inspection Completed Successfully.,Gas Processing Unit,Joy,Inspection,Low,Inspection,2026-03-04,Day,Closed
Oil Spill Discovered Near Storage Tank.,Loading Bay,Blessing,Production,High,Oil Spill,2025-01-10,Night,Open
Pressure Leak Detected On Pipeline 7 During Routine Inspection.,Flow Station,Samuel,Hse,High,Leak,2025-01-15,Day,Open
Emergency Shutdown Activated After Pressure Surge.,Pipeline 12,Daniel,Instrumentation,High,Equipment Failure,2025-06-15,Night,Under Investigation
Unauthorized Personnel Entered Restricted Area.,Pipeline 12,Blessing,Electrical,High,Security,2026-01-06,Day,Under Investigation
Small Hydraulic Fluid Leak Found Beneath Crane.,Compressor Station,David,Pipeline Operations,Medium,Leak,2025-05-23,Night,Open
Loose Flange Bolts Discovered During Maintenance.,Refinery,Joy,Inspection,Medium,Mechanical,2025-10-24,Day,Open
Loose Flange Bolts Discovered During Maintenance.,Refinery,Fatima,Inspection,Medium,Mechanical,2025-05-22,Day,Resolved
Small Hydraulic Fluid Leak Found Beneath Crane.,Unknown,Mary,Pipeline Operations,Medium,Leak,2025-12-11,Day,Resolved
Gas Detector Triggered Alarm Near Compressor Station.,Loading Bay,Samuel,Pipeline Operations,High,Gas Detection,2025-08-15,Night,Closed
Gas Detector Triggered Alarm Near Compressor Station.,Flow Station,David,Mechanical,High,Gas Detection,2025-10-15,Day,Under Investigation
Sensor Calibration Completed Successfully.,Tank Farm,Daniel,Hse,Low,Inspection,,Night,Closed
Sensor Calibration Completed Successfully.,Pipeline 7,Paul,Mechanical,Low,Inspection,2025-04-07,Day,Resolved
Smoke Observed From Electrical Control Panel.,Pipeline 8,John,Hse,High,Electrical,2026-06-22,Night,Resolved
Corrosion Observed On External Pipeline Coating.,Pipeline 12,Mary,Pipeline Operations,Medium,Corrosion,2025-05-18,Day,Resolved
Small Hydraulic Fluid Leak Found Beneath Crane.,Flow Station,Michael,Pipeline Operations,Medium,Leak,2026-06-11,Day,Closed
Corrosion Observed On External Pipeline Coating.,Pipeline 12,Chinedu,Utilities,Medium,Corrosion,2025-08-29,Day,Open
Smoke Observed From Electrical Control Panel.,Gas Processing Unit,Mary,Hse,High,Electrical,2025-02-21,Day,Closed
Routine Valve Maintainance Completed Without Issues.,Gas Processing Unit,Ahmed,Production,Low,Maintenance,2025-10-27,Day,Closed
Oil Spill Discovered Near Storage Tank.,Pipeline 12,Paul,Inspection,High,Oil Spill,2026-04-05,Night,Resolved
Corrosion Observed On External Pipeline Coating.,Compressor Station,Daniel,Production,Medium,Corrosion,2025-02-01,Night,Under Investigation
Sensor Calibration Completed Successfully.,Storage Terminal,Ibrahim,Production,Low,Inspection,2025-02-15,Night,Open
Smoke Observed From Electrical Control Panel.,Refinery,Joy,Maintenance,High,Electrical,2025-08-28,Day,Closed
Gas Detector Triggered Alarm Near Compressor Station.,Compressor Station,Michael,Instrumentation,High,Gas Detection,2025-10-29,Night,Open
Gas Detector Triggered Alarm Near Compressor Station.,Storage Terminal,Fatima,Mechanical,High,Gas Detection,2025-04-11,Day,Under Investigation
Pump Vibration Exceeded Acceptable Threshold.,Flow Station,Joy,Maintenance,Medium,Equipment Failure,2025-05-15,Day,Under Investigation
Smoke Observed From Electrical Control Panel.,Wellhead 12,Ahmed,Inspection,High,Electrical,2026-03-17,Day,Open
Routine Valve Maintainance Completed Without Issues.,Pipeline 12,Ahmed,Maintenance,Low,Maintenance,2026-02-11,Night,Open
Routine Valve Maintenance Completed Without Issues.,Pipeline 7,Samuel,Pipeline Operations,Low,Maintenance,2025-08-13,Day,Resolved
Pressure Leak Detected On Pipeline 7 During Routine Inspection.,Compressor Station,Ahmed,Hse,High,Leak,2025-03-11,Day,Closed
Worker Slipped On Wet Surface Near Loading Bay.,Gas Processing Unit,Chinedu,Mechanical,Medium,Slip/Fall,2025-05-15,Night,Closed
Worker Slipped On Wet Surface Near Loading Bay.,Platform A,Fatima,Inspection,Medium,Slip/Fall,2026-02-26,Night,Closed
Pressure Leak Detected On Pipeline 7 During Routine Inspection.,Pipeline 12,Aisha,Inspection,High,Leak,2025-08-07,Day,Open
Gas Detector Triggered Alarm Near Compressor Station.,Pipeline 7,Samuel,Maintenance,High,Gas Detection,2026-05-30,Day,Resolved
Corrosion Observed On External Pipeline Coating.,Storage Terminal,Samuel,Inspection,Medium,Corrosion,2026-03-05,Day,Open
Presssure Leak Detected On Pipline 7 During Routine Inspection.,Pipeline 8,Fatima,Utilities,High,Leak,2026-05-25,Day,Closed
Small Hydraulic Fluid Leak Found Beneath Crane.,Flow Station,Ahmed,Maintenance,Medium,Leak,2026-01-30,Day,Under Investigation
Corrosion Observed On External Pipeline Coating.,Compressor Station,Michael,Mechanical,Medium,Corrosion,2026-02-19,Night,Under Investigation
Small Hydraulic Fluid Leak Found Beneath Crane.,Storage Terminal,Paul,Pipeline Operations,Medium,Leak,2025-04-12,Day,Resolved
Oil Spill Discovered Near Storage Tank.,Flow Station,David,Maintenance,High,Oil Spill,2026-02-10,Night,Open
Small Hydraulic Fluid Leak Found Beneath Crane.,Platform A,David,Hse,Medium,Leak,2025-11-16,Night,Resolved
Pressure Leak Detected On Pipeline 7 During Routine Inspection.,Loading Bay,John,Pipeline Operations,High,Leak,,Day,Resolved
Abnormal Temperature Recorded In Processing Unit.,Tank Farm,Aisha,Maintenance,Medium,Equipment Failure,2026-06-16,Day,Closed
Pump Vibration Exceeded Acceptable Threshold.,Manifold,Fatima,Pipeline Operations,Medium,Equipment Failure,2025-10-19,Day,Resolved
Small Hydraulic Fluid Leak Found Beneath Crane.,Platform A,Chinedu,Hse,Medium,Leak,2026-03-26,Day,Resolved
Routine Valve Maintainance Completed Without Issues.,Wellhead 12,Unknown,Production,Low,Maintenance,2025-05-25,Night,Open
Unauthorized Personnel Entered Restricted Area.,Storage Terminal,Joy,Maintenance,High,Security,2025-10-05,Night,Open
Abnormal Temprature Recorded In Processing Unit.,Manifold,Paul,Instrumentation,Medium,Equipment Failure,2025-10-12,Night,Open
Unauthorized Personnel Entered Restricted Area.,Flow Station,David,Electrical,High,Security,2026-02-18,Day,Closed
Routine Valve Maintenance Completed Without Issues.,Refinery,Joy,Electrical,Low,Maintenance,2025-04-06,Day,Under Investigation
Fire Extinguisher Inspection Completed Successfully.,Control Room,Ibrahim,Mechanical,Low,Inspection,2026-01-26,Night,Resolved
Pump Vibration Exceeded Acceptable Threshold.,Control Room,Ibrahim,Maintenance,Medium,Equipment Failure,2026-06-13,Day,Closed
Pressure Leak Detected On Pipeline 7 During Routine Inspection.,Unknown,John,Utilities,High,Leak,2025-07-25,Day,Resolved
Routine Valve Maintenance Completed Without Issues.,Tank Farm,Ibrahim,Utilities,Low,Maintenance,,Night,Under Investigation
Pressure Leak Detected On Pipeline 7 During Routine Inspection.,Storage Terminal,Grace,Maintenance,High,Leak,2025-06-21,Day,Resolved
Abnormal Temperature Recorded In Processing Unit.,Flow Station,Paul,Pipeline Operations,Medium,Equipment Failure,2025-02-03,Day,Under Investigation
Abnormal Temperature Recorded In Processing Unit.,Refinery,Daniel,Hse,Medium,Equipment Failure,2025-04-01,Day,Closed
Loose Flange Bolts Discovered During Maintenance.,Compressor Station,Mary,Utilities,Medium,Mechanical,2026-04-09,Day,Resolved
Smoke Observed From Electrical Control Panel.,Refinery,David,Electrical,High,Electrical,2026-06-13,Day,Open
Emergency Shutdown Activated After Pressure Surge.,Tank Farm,Ahmed,Inspection,High,Equipment Failure,2026-05-23,Day,Under Investigation
Pressure Leak Detected On Pipeline 7 During Routine Inspection.,Platform B,Aisha,Instrumentation,High,Leak,2025-05-24,Day,Resolved
Pump Vibration Exceeded Acceptable Threshold.,Pipeline 8,Michael,Mechanical,Medium,Equipment Failure,2025-10-09,Night,Open
Oil Spill Discovered Near Storage Tank.,Wellhead 12,David,Mechanical,High,Oil Spill,2025-03-18,Day,Closed
Emergency Shutdown Activated After Pressure Surge.,Loading Bay,Aisha,Pipeline Operations,High,Equipment Failure,2025-08-13,Night,Open
Oil Spill Discovered Near Storage Tank.,Refinery,Grace,Inspection,High,Oil Spill,2026-02-12,Day,Open
Routine Valve Maintenance Completed Without Issues.,Tank Farm,Aisha,Instrumentation,Low,Maintenance,2025-07-20,Night,Closed
Worker Slipped On Wet Surface Near Loading Bay.,Control Room,Mary,Maintenance,Medium,Slip/Fall,2025-06-08,Day,Resolved
Pressure Leak Detected On Pipeline 7 During Routine Inspection.,Flow Station,Blessing,Electrical,High,Leak,2025-08-28,Day,Under Investigation
Smoke Observed From Electrical Control Panel.,Pipeline 7,Aisha,Maintenance,High,Electrical,2025-10-26,Day,Closed
Smoke Observed From Electrical Control Panel.,Platform B,Mary,Hse,High,Electrical,2025-10-29,Day,Closed
Smoke Observed From Electrical Control Panel.,Compressor Station,Mary,Utilities,High,Electrical,2025-08-19,Day,Under Investigation
Fire Extinguisher Inspection Completed Successfully.,Pipeline 7,Samuel,Electrical,Low,Inspection,2025-11-14,Day,Open
Unauthorized Personnel Entered Restricted Area.,Tank Farm,David,Instrumentation,High,Security,2025-01-21,Day,Open
Emergency Shutdown Activated After Pressure Surge.,Platform B,Ibrahim,Production,High,Equipment Failure,2025-07-08,Night,Closed
Unauthorized Personnel Entered Restricted Area.,Pipeline 7,Blessing,Pipeline Operations,High,Security,2025-02-23,Night,Open
Oil Spill Discovered Near Storage Tank.,Platform B,John,Mechanical,High,Oil Spill,2025-01-20,Night,Resolved
Loose Flange Bolts Discovered During Maintainance.,Loading Bay,Blessing,Instrumentation,Medium,Mechanical,2026-01-25,Day,Resolved
Emergency Shutdown Activated After Pressure Surge.,Manifold,Grace,Production,High,Equipment Failure,2026-03-12,Night,Closed
Abnormal Temperature Recorded In Processing Unit.,Tank Farm,Fatima,Inspection,M,Equipment Failure,2025-11-29,Night,Under Investigation
Sensor Calibration Completed Successfully.,Pipeline 12,Ibrahim,Utilities,Low,Inspection,,Day,Open
Pressure Leak Detected On Pipeline 7 During Routine Inspection.,Refinery,Ahmed,Inspection,H,Leak,2025-01-15,Day,Resolved
Pressure Leak Detected On Pipeline 7 During Routine Inspection.,Refinery,Paul,Maintenance,High,Leak,2026-02-02,Day,Resolved
Gas Detector Triggered Alarm Near Compressor Station.,Gas Processing Unit,Ahmed,Inspection,High,Gas Detection,2025-01-22,Day,Resolved
Pressure Leak Detected On Pipeline 7 During Routine Inspection.,Platform A,Grace,Hse,High,Leak,,Night,Under Investigation
Routine Valve Maintenance Completed Without Issues.,Gas Processing Unit,Blessing,Electrical,Low,Maintenance,2025-08-17,Night,Resolved
Fire Extinguisher Inspection Completed Successfully.,Refinery,Samuel,Mechanical,Low,Inspection,2025-01-08,Day,Resolved
Worker Slipped On Wet Surface Near Loading Bay.,Loading Bay,John,Hse,Medium,Slip/Fall,2026-04-10,Day,Under Investigation
Small Hydraulic Fluid Leak Found Beneath Crane.,Platform B,Unknown,Pipeline Operations,Medium,Leak,2025-02-16,Day,Open
Emergency Shutdown Activated After Pressure Surge.,Platform A,Daniel,Production,High,Equipment Failure,2025-11-27,Night,Closed
Corrosion Observed On External Pipeline Coating.,Wellhead 12,David,Production,Medium,Corrosion,2026-05-22,Day,Resolved
Sensor Calibration Completed Successfully.,Storage Terminal,Aisha,Mechanical,Low,Inspection,2025-06-23,Day,Closed
Pressure Leak Detected On Pipeline 7 During Routine Inspection.,Manifold,Grace,Inspection,High,Leak,2026-02-22,Night,Resolved
Emergency Shutdown Activated After Pressure Surge.,Pipeline 8,Grace,Instrumentation,High,Equipment Failure,,Night,Open
Pump Vibration Exceeded Acceptable Threshold.,Compressor Station,Samuel,Maintenance,Medium,Equipment Failure,2025-10-23,Night,Under Investigation
Worker Slipped On Wet Surface Near Loading Bay.,Pipeline 12,Chinedu,Pipeline Operations,Medium,Slip/Fall,2026-05-08,Night,Resolved
Sensor Calibration Completed Successfully.,Control Room,David,Hse,Low,Inspection,2026-04-16,Night,Open
Pressure Leak Detected On Pipeline 7 During Routine Inspection.,Platform A,Mary,Production,High,Leak,,Night,Closed
Small Hydraulic Fluid Leak Found Beneath Crane.,Tank Farm,Ibrahim,Hse,Medium,Leak,2025-06-04,Day,Under Investigation
Small Hydraulic Fluid Leak Found Beneath Crane.,Gas Processing Unit,David,Electrical,M,Leak,2026-01-04,Day,Open
Pump Vibration Exceeded Acceptable Threshold.,Refinery,David,Mechanical,Medium,Equipment Failure,2025-10-13,Night,Open
Worker Slipped On Wet Surface Near Loading Bay.,Flow Station,Daniel,Hse,Medium,Slip/Fall,2025-05-10,Day,Open
Pump Vibration Exceeded Acceptable Threshold.,Loading Bay,David,Utilities,Medium,Equipment Failure,2025-07-02,Day,Open
Unknown,Refinery,Fatima,Production,Low,Inspection,2025-08-06,Day,Closed
Loose Flange Bolts Discovered During Maintenance.,Tank Farm,David,Maintenance,Medium,Mechanical,2025-08-01,Day,Open
Unknown,Pipeline 12,Ibrahim,Production,Medium,Slip/Fall,2026-05-12,Day,Resolved
Gas Detector Triggered Alarm Near Compressor Station.,Storage Terminal,Joy,Instrumentation,High,Gas Detection,2025-10-22,Day,Resolved
Pressure Leak Detected On Pipeline 7 During Routine Inspection.,Compressor Station,Samuel,Inspection,High,Leak,2025-10-30,Night,Under Investigation
Small Hydraulic Fluid Leak Found Beneath Crane.,Storage Terminal,Blessing,Electrical,Medium,Leak,2025-07-25,Night,Under Investigation
Gas Detector Triggered Alarm Near Compressor Station.,Pipeline 12,Blessing,Mechanical,High,Gas Detection,2025-07-29,Night,Under Investigation
Worker Slipped On Wet Surface Near Loading Bay.,Manifold,Fatima,Instrumentation,Medium,Slip/Fall,2025-10-10,Night,Closed
Abnormal Temperature Recorded In Processing Unit.,Platform B,Ibrahim,Production,Medium,Equipment Failure,2026-04-22,Night,Open
Sensor Calibration Completed Successfully.,Loading Bay,David,Utilities,Low,Inspection,2025-03-17,Day,Under Investigation
Pressure Leak Detected On Pipeline 7 During Routine Inspection.,Platform B,Ibrahim,Inspection,High,Leak,2025-11-20,Day,Closed
Abnormal Temperature Recorded In Processing Unit.,Platform A,Michael,Production,Medium,Equipment Failure,2025-05-02,Night,Closed
Fire Extinguisher Inspection Completed Successfully.,Pipeline 12,Aisha,Pipeline Operations,Low,Inspection,2026-03-13,Day,Closed
Pump Vibration Exceeded Acceptable Threshold.,Manifold,Blessing,Production,Medium,Equipment Failure,2026-01-27,Night,Open
Fire Extinguisher Inspection Completed Successfully.,Loading Bay,Aisha,Instrumentation,Low,Inspection,2025-10-24,Night,Under Investigation
Unknown,Gas Processing Unit,Samuel,Inspection,High,Oil Spill,,Night,Open
Abnormal Temperature Recorded In Processing Unit.,Pipeline 7,Mary,Electrical,Medium,Equipment Failure,2025-04-30,Night,Open
Pressure Leak Detected On Pipeline 7 During Routine Inspection.,Flow Station,Chinedu,Electrical,High,Leak,2025-06-26,Day,Under Investigation
Unauthorized Personnel Entered Restricted Area.,Storage Terminal,Mary,Utilities,High,Security,2026-04-11,Day,Under Investigation
Small Hydraulic Fluid Leak Found Beneath Crane.,Control Room,Samuel,Instrumentation,Medium,Leak,2025-01-03,Night,Under Investigation
Corrosion Observed On External Pipeline Coating.,Flow Station,Chinedu,Mechanical,Medium,Corrosion,2025-03-18,Day,Resolved
Smoke Observed From Electrical Control Panel.,Wellhead 12,Fatima,Pipeline Operations,High,Electrical,2025-07-13,Day,Closed
Routine Valve Maintenance Completed Without Issues.,Pipeline 7,John,Utilities,Low,Maintenance,2025-11-19,Night,Resolved
Abnormal Temperature Recorded In Processing Unit.,Flow Station,Ahmed,Hse,Medium,Equipment Failure,2025-08-14,Night,Closed
Fire Extinguisher Inspection Completed Successfully.,Storage Terminal,Joy,Mechanical,Low,Inspection,2025-04-04,Day,Closed
Abnormal Temperature Recorded In Processing Unit.,Flow Station,Fatima,Instrumentation,M,Equipment Failure,2025-03-14,Night,Under Investigation
Oil Spill Discovered Near Storage Tank.,Platform A,Paul,Maintenance,High,Oil Spill,2025-11-11,Night,Closed
Routine Valve Maintainance Completed Without Issues.,Pipeline 7,Ahmed,Utilities,Low,Maintenance,2026-06-25,Night,Resolved
Pressure Leak Detected On Pipeline 7 During Routine Inspection.,Gas Processing Unit,Ahmed,Instrumentation,High,Leak,2025-02-21,Day,Resolved
Fire Extinguisher Inspection Completed Successfully.,Pipeline 8,Blessing,Inspection,Low,Inspection,2025-01-24,Night,Open
Corrosion Observed On External Pipeline Coating.,Flow Station,Ibrahim,Pipeline Operations,Medium,Corrosion,2025-02-21,Day,Closed
Pump Vibration Exceeded Acceptable Threshold.,Control Room,Daniel,Production,Medium,Equipment Failure,2025-02-22,Night,Under Investigation
Corrosion Observed On External Pipeline Coating.,Control Room,Unknown,Mechanical,Medium,Corrosion,,Day,Closed
Smoke Observed From Electrical Control Panel.,Tank Farm,Paul,Electrical,High,Electrical,2025-01-04,Day,Closed
Routine Valve Maintenance Completed Without Issues.,Platform A,Michael,Electrical,Low,Maintenance,2025-06-21,Day,Under Investigation
Pressure Leak Detected On Pipeline 7 During Routine Inspection.,Storage Terminal,David,Inspection,High,Leak,2025-01-04,Day,Under Investigation
Pressure Leak Detected On Pipeline 7 During Routine Inspection.,Flow Station,Ahmed,Mechanical,High,Leak,2025-09-21,Day,Closed
Abnormal Temperature Recorded In Processing Unit.,Pipeline 7,Samuel,Utilities,Medium,Equipment Failure,2025-03-08,Day,Resolved
Pressure Leak Detected On Pipeline 7 During Routine Inspection.,Flow Station,Daniel,Mechanical,High,Leak,2025-10-04,Day,Open
Corrosion Observed On External Pipeline Coating.,Pipeline 8,Fatima,Electrical,Medium,Corrosion,,Day,Closed
Corrosion Observed On External Pipeline Coating.,Platform A,David,Production,Medium,Corrosion,2025-04-10,Day,Closed
Abnormal Temperature Recorded In Processing Unit.,Wellhead 12,Ibrahim,Production,Medium,Equipment Failure,2025-02-11,Day,Open
Worker Slipped On Wet Surface Near Loading Bay.,Wellhead 12,Blessing,Electrical,Medium,Slip/Fall,2025-01-16,Night,Closed
Routine Valve Maintenance Completed Without Issues.,Loading Bay,Aisha,Production,Low,Maintenance,2026-05-24,Night,Closed
Worker Slipped On Wet Surface Near Loading Bay.,Refinery,Fatima,Utilities,Medium,Slip/Fall,2025-01-19,Night,Under Investigation
Oil Spill Discovered Near Storage Tank.,Pipeline 8,Chinedu,Electrical,High,Oil Spill,2025-05-06,Night,Resolved
Gas Detector Triggered Alarm Near Compressor Station.,Loading Bay,Ahmed,Mechanical,High,Gas Detection,2025-01-13,Day,Under Investigation
Oil Spill Discovered Near Storage Tank.,Tank Farm,Samuel,Instrumentation,High,Oil Spill,2026-05-24,Day,Closed
Smoke Observed From Electrical Control Panel.,Tank Farm,Paul,Maintenance,High,Electrical,2026-03-31,Day,Closed
Oil Spill Discovered Near Storage Tank.,Platform A,Joy,Maintenance,High,Oil Spill,2025-09-05,Night,Closed
Fire Extinguisher Inspection Completed Successfully.,Platform B,Unknown,Hse,Low,Inspection,2025-08-11,Night,Under Investigation
Routine Valve Maintenance Completed Without Issues.,Compressor Station,Michael,Pipeline Operations,Low,Maintenance,2026-04-04,Day,Under Investigation
Sensor Calibration Completed Successfully.,Control Room,Mary,Utilities,Low,Inspection,2025-10-11,Night,Closed
Worker Slipped On Wet Surface Near Loading Bay.,Wellhead 12,Ahmed,Instrumentation,Medium,Slip/Fall,,Night,Under Investigation
Small Hydraulic Fluid Leak Found Beneath Crane.,Pipeline 7,Ibrahim,Mechanical,Medium,Leak,2025-03-25,Night,Open
Oil Spill Discovered Near Storage Tank.,Gas Processing Unit,Michael,Mechanical,High,Oil Spill,2025-05-29,Day,Closed
Pump Vibration Exceeded Acceptable Threshold.,Flow Station,Aisha,Maintenance,Medium,Equipment Failure,2025-09-25,Day,Resolved
Smoke Observed From Electrical Control Panel.,Pipeline 12,Ahmed,Production,High,Electrical,2026-01-08,Night,Resolved
Pump Vibration Exceeded Acceptable Threshold.,Pipeline 8,John,Pipeline Operations,Medium,Equipment Failure,2026-01-16,Day,Resolved
Small Hydraulic Fluid Leak Found Beneath Crane.,Wellhead 12,Chinedu,Mechanical,Medium,Leak,2025-02-01,Day,Resolved
Corrosion Observed On External Pipeline Coating.,Wellhead 12,Fatima,Instrumentation,Medium,Corrosion,2026-06-04,Day,Resolved
Small Hydraulic Fluid Leak Found Beneath Crane.,Gas Processing Unit,Blessing,Mechanical,Medium,Leak,2025-11-08,Night,Resolved
Sensor Calibration Completed Successfully.,Refinery,Aisha,Electrical,Low,Inspection,2025-11-22,Night,Resolved
Worker Slipped On Wet Surface Near Loading Bay.,Compressor Station,Michael,Production,Medium,Slip/Fall,2026-06-21,Night,Under Investigation
Pump Vibration Exceeded Acceptable Threshold.,Manifold,Ahmed,Utilities,Medium,Equipment Failure,2026-02-22,Day,Resolved
Abnormal Temperature Recorded In Processing Unit.,Tank Farm,John,Mechanical,Medium,Equipment Failure,2025-07-01,Night,Resolved
Fire Extinguisher Inspection Completed Successfully.,Pipeline 8,Chinedu,Mechanical,Low,Inspection,2025-03-14,Night,Open
Corrosion Observed On External Pipeline Coating.,Flow Station,Paul,Electrical,Medium,Corrosion,2026-04-01,Night,Resolved
Sensor Calibration Completed Successfully.,Refinery,John,Electrical,Low,Inspection,2026-06-09,Day,Open
Sensor Calibration Completed Successfully.,Pipeline 12,Joy,Maintenance,Low,Inspection,,Night,Resolved
Routine Valve Maintenance Completed Without Issues.,Gas Processing Unit,Samuel,Instrumentation,Low,Maintenance,2026-04-26,Day,Open
Oil Spill Discovered Near Storage Tank.,Manifold,Mary,Electrical,High,Oil Spill,2025-09-02,Day,Closed
Pump Vibration Exceeded Acceptable Threshold.,Wellhead 12,Daniel,Instrumentation,Medium,Equipment Failure,2025-09-18,Night,Resolved
Sensor Calibration Completed Successfully.,Pipeline 7,Ahmed,Utilities,Low,Inspection,,Day,Open
Oil Spill Discovered Near Storage Tank.,Refinery,Mary,Instrumentation,High,Oil Spill,2026-03-10,Day,Closed
Unauthorized Personnel Entered Restricted Area.,Unknown,Fatima,Pipeline Operations,High,Security,,Night,Resolved
Loose Flange Bolts Discovered During Maintenance.,Storage Terminal,Paul,Hse,Medium,Mechanical,,Night,Closed
Worker Slipped On Wet Surface Near Loading Bay.,Unknown,John,Maintenance,Medium,Slip/Fall,2025-11-08,Day,Closed
Worker Slipped On Wet Surface Near Loading Bay.,Pipeline 7,Ibrahim,Hse,Medium,Slip/Fall,2025-05-09,Night,Closed
Gas Detector Triggered Alarm Near Compressor Station.,Pipeline 12,Paul,Instrumentation,High,Gas Detection,2026-03-24,Day,Open
Small Hydraulic Fluid Leak Found Beneath Crane.,Flow Station,Michael,Hse,Medium,Leak,2026-06-17,Night,Open
Small Hydraulic Fluid Leak Found Beneath Crane.,Pipeline 7,Chinedu,Instrumentation,Medium,Leak,2025-10-02,Night,Open
Pressure Leak Detected On Pipeline 7 During Routine Inspection.,Pipeline 12,Blessing,Production,High,Leak,2025-04-21,Day,Resolved
Smoke Observed From Electrical Control Panel.,Gas Processing Unit,Blessing,Hse,High,Electrical,2025-09-10,Day,Under Investigation
Gas Detector Triggered Alarm Near Compressor Station.,Control Room,Unknown,Maintenance,High,Gas Detection,2025-02-06,Day,Under Investigation
Smoke Observed From Electrical Control Panel.,Control Room,Aisha,Production,High,Electrical,,Day,Under Investigation
Smoke Observed From Electrical Control Panel.,Pipeline 12,Mary,Maintenance,High,Electrical,2026-01-02,Day,Resolved
Emergency Shutdown Activated After Pressure Surge.,Tank Farm,Paul,Instrumentation,High,Equipment Failure,2025-05-23,Day,Open
Unauthorized Personnel Entered Restricted Area.,Platform A,Samuel,Maintenance,High,Security,2026-03-10,Night,Open
Routine Valve Maintenance Completed Without Issues.,Wellhead 12,Aisha,Inspection,Low,Maintenance,2025-07-18,Day,Open
Fire Extinguisher Inspection Completed Successfully.,Control Room,Mary,Instrumentation,Low,Inspection,,Night,Resolved
Loose Flange Bolts Discovered During Maintainance.,Control Room,Ahmed,Inspection,Medium,Mechanical,2026-01-30,Night,Resolved
Sensor Calibration Completed Successfully.,Manifold,Ibrahim,Inspection,Low,Inspection,2025-06-06,Day,Closed
Pump Vibration Exceeded Acceptable Threshold.,Flow Station,John,Production,Medium,Equipment Failure,2025-12-28,Day,Open
Loose Flange Bolts Discovered During Maintenance.,Refinery,Fatima,Maintenance,Medium,Mechanical,2025-08-23,Night,Resolved
Sensor Calibration Completed Successfully.,Compressor Station,Grace,Electrical,Low,Inspection,2026-06-01,Day,Resolved
Routine Valve Maintenance Completed Without Issues.,Platform B,Daniel,Production,Low,Maintenance,2025-01-09,Night,Under Investigation
Small Hydraulic Fluid Leak Found Beneath Crane.,Flow Station,David,Inspection,Medium,Leak,2025-05-31,Day,Under Investigation
Pump Vibration Exceeded Acceptable Threshold.,Platform B,Aisha,Electrical,Medium,Equipment Failure,2025-01-28,Day,Under Investigation
Fire Extinguisher Inspection Completed Successfully.,Gas Processing Unit,Chinedu,Electrical,Low,Inspection,2025-12-08,Night,Open
Sensor Calibration Completed Successfully.,Compressor Station,Paul,Electrical,L,Inspection,,Night,Under Investigation
Abnormal Temperature Recorded In Processing Unit.,Loading Bay,Paul,Pipeline Operations,Medium,Equipment Failure,2025-08-07,Day,Closed
Worker Slipped On Wet Surface Near Loading Bay.,Control Room,Aisha,Production,Medium,Slip/Fall,2025-03-14,Night,Resolved
Unauthorized Personnel Entered Restricted Area.,Gas Processing Unit,Ahmed,Instrumentation,High,Security,2025-01-20,Night,Under Investigation
Pump Vibration Exceeded Acceptable Threshold.,Flow Station,Unknown,Production,Medium,Equipment Failure,2025-07-18,Night,Closed
Worker Slipped On Wet Surface Near Loading Bay.,Tank Farm,Ibrahim,Electrical,Medium,Slip/Fall,2026-05-09,Night,Under Investigation
Abnormal Temprature Recorded In Processing Unit.,Flow Station,Samuel,Instrumentation,Medium,Equipment Failure,2026-04-09,Night,Resolved
Small Hydraulic Fluid Leak Found Beneath Crane.,Control Room,Ibrahim,Hse,Medium,Leak,2026-06-23,Night,Under Investigation
Oil Spill Discovered Near Storage Tank.,Compressor Station,Grace,Mechanical,High,Oil Spill,2025-05-12,Day,Closed
Corrosion Observed On External Pipeline Coating.,Wellhead 12,Grace,Electrical,Medium,Corrosion,2026-01-15,Night,Closed
Loose Flange Bolts Discovered During Maintenance.,Manifold,Ibrahim,Production,Medium,Mechanical,,Day,Resolved
Emergency Shutdown Activated After Pressure Surge.,Gas Processing Unit,Mary,Hse,High,Equipment Failure,2026-02-02,Night,Resolved
Pressure Leak Detected On Pipeline 7 During Routine Inspection.,Flow Station,David,Mechanical,High,Leak,2025-08-01,Day,Under Investigation
Sensor Calibration Completed Successfully.,Gas Processing Unit,Ahmed,Inspection,Low,Inspection,2025-12-14,Night,Resolved
Sensor Calibration Completed Successfully.,Tank Farm,Fatima,Maintenance,Low,Inspection,2025-05-06,Day,Closed
Smoke Observed From Electrical Control Panel.,Pipeline 7,Blessing,Production,H,Electrical,2025-07-15,Day,Open
Oil Spill Discovered Near Storage Tank.,Wellhead 12,John,Production,High,Oil Spill,2025-01-15,Day,Under Investigation
Worker Slipped On Wet Surface Near Loading Bay.,Wellhead 12,Daniel,Maintenance,Medium,Slip/Fall,2026-02-11,Day,Open
Small Hydraulic Fluid Leak Found Beneath Crane.,Pipeline 8,John,Electrical,Medium,Leak,,Night,Under Investigation
Smoke Observed From Electrical Control Panel.,Storage Terminal,Aisha,Utilities,High,Electrical,2025-11-12,Night,Under Investigation
Loose Flange Bolts Discovered During Maintenance.,Compressor Station,Paul,Mechanical,M,Mechanical,2025-06-23,Night,Resolved
Unknown,Gas Processing Unit,Daniel,Production,Medium,Leak,2025-01-28,Night,Under Investigation
Routine Valve Maintainance Completed Without Issues.,Pipeline 7,Michael,Pipeline Operations,Low,Maintenance,2025-09-15,Day,Resolved
Gas Detector Triggered Alarm Near Compressor Station.,Compressor Station,Ahmed,Instrumentation,High,Gas Detection,2025-08-11,Day,Closed
Unauthorized Personnel Entered Restricted Area.,Compressor Station,Ahmed,Hse,High,Security,2026-04-25,Day,Closed
Smoke Observed From Electrical Control Panel.,Storage Terminal,Chinedu,Instrumentation,High,Electrical,2025-02-04,Night,Resolved
Loose Flange Bolts Discovered During Maintenance.,Refinery,Ahmed,Hse,Medium,Mechanical,,Night,Open
Abnormal Temperature Recorded In Processing Unit.,Unknown,Chinedu,Hse,Medium,Equipment Failure,,Day,Open
Small Hydraulic Fluid Leak Found Beneath Crane.,Gas Processing Unit,Grace,Electrical,Medium,Leak,2026-03-13,Day,Under Investigation
Fire Extinguisher Inspection Completed Successfully.,Control Room,Grace,Pipeline Operations,Low,Inspection,2025-06-17,Day,Resolved
Sensor Calibration Completed Successfully.,Storage Terminal,David,Instrumentation,Low,Inspection,2026-04-24,Night,Resolved
Fire Extinguisher Inspection Completed Successfully.,Pipeline 7,Grace,Electrical,Low,Inspection,2025-12-23,Night,Resolved
Loose Flange Bolts Discovered During Maintenance.,Pipeline 12,Grace,Hse,Medium,Mechanical,2025-07-12,Day,Open
Routine Valve Maintenance Completed Without Issues.,Flow Station,Fatima,Pipeline Operations,Low,Maintenance,2025-06-30,Day,Open
Small Hydraulic Fluid Leak Found Beneath Crane.,Pipeline 12,Joy,Inspection,Medium,Leak,2026-04-15,Night,Under Investigation
Sensor Calibration Completed Successfully.,Platform B,Blessing,Instrumentation,Low,Inspection,2025-07-01,Night,Open
Smoke Observed From Electrical Control Panel.,Pipeline 12,Paul,Production,High,Electrical,2025-06-09,Night,Closed
Abnormal Temperature Recorded In Processing Unit.,Pipeline 7,Ibrahim,Instrumentation,Medium,Equipment Failure,2025-12-14,Night,Closed
Abnormal Temperature Recorded In Processing Unit.,Pipeline 7,John,Pipeline Operations,Medium,Equipment Failure,2026-01-15,Day,Under Investigation
Fire Extinguisher Inspection Completed Successfully.,Platform A,Mary,Mechanical,Low,Inspection,2025-03-21,Night,Under Investigation
Gas Detector Triggered Alarm Near Compressor Station.,Refinery,Ahmed,Maintenance,High,Gas Detection,2026-06-20,Night,Closed
Pressure Leak Detected On Pipeline 7 During Routine Inspection.,Refinery,Mary,Instrumentation,High,Leak,2025-03-16,Day,Closed
Routine Valve Maintainance Completed Without Issues.,Flow Station,Samuel,Pipeline Operations,Low,Maintenance,2025-11-12,Day,Under Investigation
Pump Vibration Exceeded Acceptable Threshold.,Tank Farm,Joy,Electrical,Medium,Equipment Failure,2026-03-29,Day,Closed
Fire Extinguisher Inspection Completed Successfully.,Platform B,Paul,Inspection,Low,Inspection,2026-04-12,Day,Under Investigation
Pressure Leak Detected On Pipeline 7 During Routine Inspection.,Storage Terminal,Paul,Hse,High,Leak,2025-07-18,Day,Under Investigation
Abnormal Temprature Recorded In Processing Unit.,Control Room,David,Production,Medium,Equipment Failure,2025-12-22,Night,Closed
Fire Extinguisher Inspection Completed Successfully.,Gas Processing Unit,Aisha,Maintenance,Low,Inspection,2025-08-29,Night,Open
Sensor Calibration Completed Successfully.,Compressor Station,Mary,Hse,Low,Inspection,,Night,Open
Oil Spill Discovered Near Storage Tank.,Pipeline 8,Ibrahim,Utilities,High,Oil Spill,2025-08-23,Day,Open
Oil Spill Discovered Near Storage Tank.,Control Room,Blessing,Production,High,Oil Spill,2025-04-15,Day,Resolved
Loose Flange Bolts Discovered During Maintenance.,Compressor Station,Unknown,Mechanical,Medium,Mechanical,2025-07-28,Night,Under Investigation
Routine Valve Maintenance Completed Without Issues.,Loading Bay,Ahmed,Hse,Low,Maintenance,2025-01-04,Day,Open
Small Hydraulic Fluid Leak Found Beneath Crane.,Gas Processing Unit,Michael,Production,Medium,Leak,2025-12-14,Night,Under Investigation
Pump Vibration Exceeded Acceptable Threshold.,Compressor Station,Joy,Pipeline Operations,Medium,Equipment Failure,2025-02-10,Night,Closed
Oil Spill Discovered Near Storage Tank.,Refinery,Blessing,Pipeline Operations,High,Oil Spill,2025-07-24,Day,Under Investigation
Smoke Observed From Electrical Control Panel.,Platform A,Daniel,Maintenance,High,Electrical,2025-05-08,Day,Open
Fire Extinguisher Inspection Completed Successfully.,Platform B,Fatima,Inspection,Low,Inspection,2025-08-10,Night,Resolved
Abnormal Temprature Recorded In Processing Unit.,Pipeline 8,John,Instrumentation,Medium,Equipment Failure,2025-01-01,Night,Under Investigation
Unknown,Flow Station,Grace,Hse,Medium,Slip/Fall,2025-07-15,Night,Closed
Emergency Shutdown Activated After Pressure Surge.,Platform A,John,Instrumentation,High,Equipment Failure,2025-01-13,Night,Under Investigation
Abnormal Temperature Recorded In Processing Unit.,Loading Bay,Samuel,Production,Medium,Equipment Failure,2026-05-22,Night,Closed
Sensor Calibration Completed Successfully.,Unknown,Aisha,Mechanical,Low,Inspection,2025-04-24,Day,Open
Oil Spill Discovered Near Storage Tank.,Tank Farm,Fatima,Hse,High,Oil Spill,2025-02-08,Night,Open
Worker Slipped On Wet Surface Near Loading Bay.,Pipeline 12,Aisha,Pipeline Operations,Medium,Slip/Fall,2025-12-16,Night,Resolved
Small Hydraulic Fluid Leak Found Beneath Crane.,Tank Farm,Aisha,Instrumentation,M,Leak,2026-01-19,Night,Under Investigation
Smoke Observed From Electrical Control Panel.,Control Room,Michael,Pipeline Operations,High,Electrical,2025-08-11,Night,Under Investigation
Loose Flange Bolts Discovered During Maintenance.,Unknown,David,Instrumentation,Medium,Mechanical,2025-08-31,Night,Open
Pressure Leak Detected On Pipeline 7 During Routine Inspection.,Control Room,Fatima,Pipeline Operations,High,Leak,2025-08-28,Night,Resolved
Loose Flange Bolts Discovered During Maintainance.,Pipeline 8,Chinedu,Maintenance,Medium,Mechanical,2025-12-16,Day,Open
Pressure Leak Detected On Pipeline 7 During Routine Inspection.,Manifold,Ahmed,Maintenance,High,Leak,2025-01-16,Day,Under Investigation
Pressure Leak Detected On Pipeline 7 During Routine Inspection.,Refinery,Grace,Instrumentation,H,Leak,2025-08-22,Day,Open
Sensor Calibration Completed Successfully.,Platform B,Paul,Electrical,Low,Inspection,2025-02-09,Day,Under Investigation
Gas Detector Triggered Alarm Near Compressor Station.,Flow Station,Samuel,Pipeline Operations,High,Gas Detection,2025-09-12,Day,Open
Gas Detector Triggered Alarm Near Compressor Station.,Storage Terminal,Aisha,Instrumentation,High,Gas Detection,2025-10-23,Night,Closed
Unknown,Storage Terminal,Chinedu,Utilities,Low,Maintenance,2025-05-29,Day,Under Investigation
Pump Vibration Exceeded Acceptable Threshold.,Loading Bay,Daniel,Maintenance,Medium,Equipment Failure,2026-06-03,Day,Closed
Unknown,Flow Station,Daniel,Maintenance,Low,Inspection,2026-04-19,Day,Under Investigation
Gas Detector Triggered Alarm Near Compressor Station.,Tank Farm,John,Hse,High,Gas Detection,2026-05-19,Day,Resolved
Oil Spill Discovered Near Storage Tank.,Control Room,Michael,Inspection,High,Oil Spill,2025-03-09,Night,Under Investigation
Sensor Calibration Completed Successfully.,Platform A,Chinedu,Utilities,Low,Inspection,2025-05-13,Night,Closed
Pump Vibration Exceeded Acceptable Threshold.,Platform B,Blessing,Maintenance,Medium,Equipment Failure,2025-09-07,Night,Resolved
Pump Vibration Exceeded Acceptable Threshold.,Wellhead 12,David,Maintenance,Medium,Equipment Failure,2026-03-28,Night,Resolved
Smoke Observed From Electrical Control Panel.,Pipeline 12,John,Production,High,Electrical,2025-10-20,Night,Closed
Loose Flange Bolts Discovered During Maintenance.,Compressor Station,David,Electrical,Medium,Mechanical,2026-04-22,Day,Closed
Small Hydraulic Fluid Leak Found Beneath Crane.,Manifold,Ahmed,Mechanical,Medium,Leak,2025-05-24,Day,Resolved
Unknown,Tank Farm,Daniel,Utilities,Medium,Mechanical,2026-01-22,Day,Resolved
Small Hydraulic Fluid Leak Found Beneath Crane.,Platform A,Ibrahim,Production,Medium,Leak,2026-01-03,Day,Closed
Abnormal Temperature Recorded In Processing Unit.,Manifold,Grace,Production,Medium,Equipment Failure,2026-06-13,Day,Resolved
Sensor Calibration Completed Successfully.,Platform B,Grace,Utilities,Low,Inspection,2025-10-23,Night,Under Investigation
Pump Vibration Exceeded Acceptable Threshold.,Flow Station,Paul,Utilities,M,Equipment Failure,2026-04-15,Day,Resolved
Routine Valve Maintenance Completed Without Issues.,Platform B,Samuel,Mechanical,Low,Maintenance,2025-08-26,Night,Resolved
Unauthorized Personnel Entered Restricted Area.,Pipeline 8,Ibrahim,Hse,High,Security,2025-05-01,Day,Open
Smoke Observed From Electrical Control Panel.,Pipeline 7,Ibrahim,Hse,High,Electrical,2026-01-01,Night,Closed
Routine Valve Maintenance Completed Without Issues.,Compressor Station,Unknown,Maintenance,Low,Maintenance,2026-05-19,Day,Closed
Worker Slipped On Wet Surface Near Loading Bay.,Tank Farm,Mary,Mechanical,Medium,Slip/Fall,2025-06-23,Night,Under Investigation
Corrosion Observed On External Pipeline Coating.,Gas Processing Unit,Paul,Mechanical,Medium,Corrosion,2026-01-31,Night,Resolved
Loose Flange Bolts Discovered During Maintenance.,Pipeline 12,Joy,Inspection,Medium,Mechanical,2025-10-19,Night,Closed
Sensor Calibration Completed Successfully.,Tank Farm,Samuel,Maintenance,Low,Inspection,2025-05-25,Night,Under Investigation
Abnormal Temperature Recorded In Processing Unit.,Wellhead 12,Daniel,Inspection,Medium,Equipment Failure,2026-02-01,Night,Under Investigation
Loose Flange Bolts Discovered During Maintenance.,Storage Terminal,Mary,Hse,Medium,Mechanical,2026-05-06,Day,Closed
Small Hydraulic Fluid Leak Found Beneath Crane.,Compressor Station,John,Hse,Medium,Leak,2025-02-03,Night,Open
Abnormal Temperature Recorded In Processing Unit.,Manifold,John,Maintenance,Medium,Equipment Failure,2025-02-08,Day,Open
Emergency Shutdown Activated After Pressure Surge.,Flow Station,Daniel,Maintenance,High,Equipment Failure,2025-11-08,Night,Open
Fire Extinguisher Inspection Completed Successfully.,Storage Terminal,Samuel,Production,Low,Inspection,2026-03-20,Day,Closed
Smoke Observed From Electrical Control Panel.,Flow Station,Joy,Mechanical,High,Electrical,2026-04-11,Night,Closed
Unknown,Storage Terminal,Mary,Utilities,Low,Maintenance,2026-02-28,Night,Under Investigation
Unknown,Gas Processing Unit,Aisha,Utilities,Medium,Leak,2025-02-12,Night,Closed
Small Hydraulic Fluid Leak Found Beneath Crane.,Pipeline 7,Fatima,Mechanical,Medium,Leak,2025-04-06,Day,Open
Worker Slipped On Wet Surface Near Loading Bay.,Pipeline 8,Chinedu,Utilities,Medium,Slip/Fall,2025-02-16,Day,Open
Smoke Observed From Electrical Control Panel.,Wellhead 12,Unknown,Instrumentation,High,Electrical,2026-02-11,Day,Open
Smoke Observed From Electrical Control Panel.,Pipeline 8,Daniel,Utilities,High,Electrical,,Day,Open
Loose Flange Bolts Discovered During Maintainance.,Platform B,Blessing,Inspection,Medium,Mechanical,2025-10-07,Night,Resolved
Sensor Calibration Completed Successfully.,Tank Farm,Michael,Production,Low,Inspection,2026-01-27,Night,Resolved
Smoke Observed From Electrical Control Panel.,Wellhead 12,Paul,Production,High,Electrical,2025-06-06,Day,Open
Sensor Calibration Completed Successfully.,Platform A,Unknown,Instrumentation,Low,Inspection,2025-09-14,Day,Under Investigation
Fire Extinguisher Inspection Completed Successfully.,Compressor Station,Samuel,Utilities,Low,Inspection,2025-10-15,Night,Resolved
Emergency Shutdown Activated After Pressure Surge.,Gas Processing Unit,Paul,Inspection,High,Equipment Failure,2026-06-13,Day,Closed
Corrosion Observed On External Pipeline Coating.,Pipeline 12,Samuel,Mechanical,Medium,Corrosion,2025-08-04,Night,Resolved
Small Hydraulic Fluid Leak Found Beneath Crane.,Manifold,David,Electrical,Medium,Leak,2026-06-13,Day,Closed
Corrosion Observed On External Pipeline Coating.,Compressor Station,Ahmed,Utilities,Medium,Corrosion,2025-12-26,Day,Closed
Emergency Shutdown Activated After Pressure Surge.,Storage Terminal,Blessing,Utilities,High,Equipment Failure,2025-01-30,Day,Under Investigation
Emergency Shutdown Activated After Pressure Surge.,Storage Terminal,Michael,Electrical,High,Equipment Failure,2025-01-17,Day,Open
Small Hydraulic Fluid Leak Found Beneath Crane.,Pipeline 7,Mary,Production,Medium,Leak,2026-04-28,Night,Resolved
Sensor Calibration Completed Successfully.,Tank Farm,Chinedu,Mechanical,Low,Inspection,2025-11-11,Day,Resolved
Emergency Shutdown Activated After Pressure Surge.,Control Room,Fatima,Inspection,High,Equipment Failure,,Night,Closed
Small Hydraulic Fluid Leak Found Beneath Crane.,Storage Terminal,Samuel,Utilities,Medium,Leak,2025-10-05,Day,Open
Worker Slipped On Wet Surface Near Loading Bay.,Loading Bay,Fatima,Electrical,Medium,Slip/Fall,2025-03-09,Night,Open
Routine Valve Maintenance Completed Without Issues.,Manifold,Ahmed,Mechanical,Low,Maintenance,2025-01-08,Day,Resolved
Gas Detector Triggered Alarm Near Compressor Station.,Flow Station,Fatima,Maintenance,High,Gas Detection,2025-10-29,Night,Under Investigation
Emergency Shutdown Activated After Pressure Surge.,Compressor Station,Unknown,Utilities,High,Equipment Failure,2026-02-04,Day,Resolved
Small Hydraulic Fluid Leak Found Beneath Crane.,Loading Bay,Daniel,Mechanical,Medium,Leak,2026-04-23,Night,Closed
Small Hydraulic Fluid Leak Found Beneath Crane.,Refinery,Joy,Hse,Medium,Leak,2025-03-24,Night,Closed
Small Hydraulic Fluid Leak Found Beneath Crane.,Compressor Station,David,Inspection,Medium,Leak,2025-05-17,Day,Under Investigation
Fire Extinguisher Inspection Completed Successfully.,Pipeline 7,Daniel,Electrical,Low,Inspection,2026-03-12,Night,Open
Pressure Leak Detected On Pipeline 7 During Routine Inspection.,Storage Terminal,Grace,Electrical,High,Leak,2025-12-17,Day,Resolved
Gas Detector Triggered Alarm Near Compressor Station.,Storage Terminal,Fatima,Maintenance,High,Gas Detection,2026-04-29,Night,Resolved
Corrosion Observed On External Pipeline Coating.,Control Room,Fatima,Mechanical,Medium,Corrosion,,Night,Resolved
Loose Flange Bolts Discovered During Maintenance.,Loading Bay,Paul,Maintenance,Medium,Mechanical,2025-05-07,Day,Open
Smoke Observed From Electrical Control Panel.,Pipeline 8,Ahmed,Maintenance,High,Electrical,2025-08-30,Day,Resolved
Pressure Leak Detected On Pipeline 7 During Routine Inspection.,Platform B,Grace,Production,High,Leak,2026-06-21,Day,Closed
Gas Detector Triggered Alarm Near Compressor Station.,Flow Station,Aisha,Utilities,High,Gas Detection,2026-06-08,Night,Under Investigation
Oil Spill Discovered Near Storage Tank.,Pipeline 12,Daniel,Utilities,High,Oil Spill,2025-11-24,Day,Under Investigation
Pressure Leak Detected On Pipeline 7 During Routine Inspection.,Platform B,Joy,Utilities,High,Leak,2025-04-28,Day,Closed
Emergency Shutdown Activated After Pressure Surge.,Wellhead 12,Blessing,Mechanical,High,Equipment Failure,2026-03-09,Day,Closed
Worker Slipped On Wet Surface Near Loading Bay.,Flow Station,John,Utilities,Medium,Slip/Fall,2026-05-29,Day,Open
Abnormal Temperature Recorded In Processing Unit.,Pipeline 7,Michael,Inspection,Medium,Equipment Failure,2025-10-14,Day,Resolved
Corrosion Observed On External Pipeline Coating.,Wellhead 12,Chinedu,Pipeline Operations,Medium,Corrosion,2025-09-16,Day,Under Investigation
Routine Valve Maintenance Completed Without Issues.,Refinery,Unknown,Maintenance,Low,Maintenance,2026-01-02,Night,Open
Sensor Calibration Completed Successfully.,Pipeline 7,Grace,Inspection,Low,Inspection,2026-03-09,Day,Closed
Unauthorized Personnel Entered Restricted Area.,Refinery,Joy,Pipeline Operations,H,Security,2025-11-12,Night,Closed
Loose Flange Bolts Discovered During Maintenance.,Pipeline 7,John,Hse,Medium,Mechanical,2025-02-02,Night,Under Investigation
Routine Valve Maintenance Completed Without Issues.,Tank Farm,Fatima,Pipeline Operations,Low,Maintenance,2025-12-12,Day,Closed
Small Hydraulic Fluid Leak Found Beneath Crane.,Compressor Station,Daniel,Hse,Medium,Leak,2025-06-22,Night,Closed
Oil Spill Discovered Near Storage Tank.,Manifold,David,Production,High,Oil Spill,2025-08-25,Day,Resolved
Smoke Observed From Electrical Control Panel.,Pipeline 7,Aisha,Mechanical,High,Electrical,,Night,Closed
Corrosion Observed On External Pipeline Coating.,Flow Station,Grace,Utilities,Medium,Corrosion,2026-04-11,Day,Closed
Emergency Shutdown Activated After Pressure Surge.,Wellhead 12,Grace,Inspection,High,Equipment Failure,2026-04-07,Night,Closed
Gas Detector Triggered Alarm Near Compressor Station.,Tank Farm,Blessing,Production,High,Gas Detection,2025-06-10,Day,Under Investigation
Abnormal Temperature Recorded In Processing Unit.,Pipeline 12,Joy,Utilities,Medium,Equipment Failure,2026-01-02,Night,Closed
Worker Slipped On Wet Surface Near Loading Bay.,Flow Station,Joy,Hse,Medium,Slip/Fall,2025-01-15,Night,Open
Emergency Shutdown Activated After Pressure Surge.,Refinery,Paul,Mechanical,High,Equipment Failure,2025-02-18,Night,Closed
Fire Extinguisher Inspection Completed Successfully.,Manifold,Paul,Production,Low,Inspection,2025-07-07,Night,Closed
Small Hydraulic Fluid Leak Found Beneath Crane.,Flow Station,Fatima,Maintenance,Medium,Leak,2025-08-23,Night,Resolved
Unauthorized Personnel Entered Restricted Area.,Manifold,John,Inspection,High,Security,2026-06-05,Day,Resolved
Pump Vibration Exceeded Acceptable Threshold.,Pipeline 12,Ahmed,Production,Medium,Equipment Failure,2025-07-19,Day,Closed
Abnormal Temperature Recorded In Processing Unit.,Pipeline 7,David,Mechanical,Medium,Equipment Failure,2025-05-29,Night,Open
Fire Extinguisher Inspection Completed Successfully.,Gas Processing Unit,Blessing,Utilities,L,Inspection,2026-02-28,Night,Open
Worker Slipped On Wet Surface Near Loading Bay.,Storage Terminal,Ibrahim,Mechanical,Medium,Slip/Fall,2025-05-04,Night,Under Investigation
Small Hydraulic Fluid Leak Found Beneath Crane.,Pipeline 8,Samuel,Mechanical,Medium,Leak,2026-05-17,Night,Under Investigation
Small Hydraulic Fluid Leak Found Beneath Crane.,Loading Bay,Ibrahim,Maintenance,Medium,Leak,2026-06-06,Night,Under Investigation
Corrosion Observed On External Pipeline Coating.,Control Room,Ahmed,Maintenance,Medium,Corrosion,2026-01-25,Night,Open
Unknown,Flow Station,Joy,Inspection,Low,Inspection,2025-11-26,Night,Resolved
Small Hydraulic Fluid Leak Found Beneath Crane.,Pipeline 8,Samuel,Production,Medium,Leak,2025-08-01,Day,Open
Oil Spill Discovered Near Storage Tank.,Wellhead 12,Michael,Instrumentation,High,Oil Spill,2025-07-17,Day,Closed
Worker Slipped On Wet Surface Near Loading Bay.,Pipeline 12,Chinedu,Production,Medium,Slip/Fall,2026-01-16,Day,Resolved
Emergency Shutdown Activated After Pressure Surge.,Wellhead 12,Michael,Production,High,Equipment Failure,2026-01-01,Day,Open
Smoke Observed From Electrical Control Panel.,Loading Bay,Blessing,Utilities,High,Electrical,2025-04-23,Night,Open
Loose Flange Bolts Discovered During Maintenance.,Loading Bay,Ibrahim,Electrical,M,Mechanical,2026-03-05,Night,Open
Loose Flange Bolts Discovered During Maintainance.,Unknown,Samuel,Utilities,Medium,Mechanical,2026-05-15,Night,Resolved
Small Hydraulic Fluid Leak Found Beneath Crane.,Pipeline 8,John,Maintenance,Medium,Leak,2025-10-05,Day,Open
Pump Vibration Exceeded Acceptable Threshold.,Gas Processing Unit,Chinedu,Inspection,Medium,Equipment Failure,2026-05-20,Night,Resolved
Loose Flange Bolts Discovered During Maintenance.,Pipeline 7,Ahmed,Hse,Medium,Mechanical,2025-02-15,Night,Resolved
Sensor Calibration Completed Successfully.,Platform B,Mary,Production,Low,Inspection,2025-02-11,Night,Under Investigation
Oil Spill Discovered Near Storage Tank.,Wellhead 12,Daniel,Utilities,High,Oil Spill,2026-05-09,Night,Resolved
Pressure Leak Detected On Pipeline 7 During Routine Inspection.,Compressor Station,Joy,Mechanical,High,Leak,2026-05-03,Night,Under Investigation
Gas Detector Triggered Alarm Near Compressor Station.,Platform B,Mary,Production,High,Gas Detection,2026-05-17,Day,Closed
Corrosion Observed On External Pipeline Coating.,Control Room,Grace,Hse,Medium,Corrosion,2025-06-20,Day,Open
Sensor Calibration Completed Successfully.,Unknown,Paul,Utilities,Low,Inspection,2026-04-09,Night,Under Investigation
Abnormal Temperature Recorded In Processing Unit.,Loading Bay,Mary,Hse,Medium,Equipment Failure,2025-03-13,Night,Closed
Worker Slipped On Wet Surface Near Loading Bay.,Gas Processing Unit,Mary,Pipeline Operations,Medium,Slip/Fall,2025-08-24,Night,Under Investigation
Sensor Calibration Completed Successfully.,Compressor Station,Ahmed,Pipeline Operations,Low,Inspection,2026-06-21,Day,Open
Smoke Observed From Electrical Control Panel.,Control Room,Chinedu,Electrical,High,Electrical,2025-10-29,Day,Open
Pressure Leak Detected On Pipeline 7 During Routine Inspection.,Flow Station,Joy,Electrical,High,Leak,2025-07-25,Day,Under Investigation
Oil Spill Discovered Near Storage Tank.,Loading Bay,Grace,Production,High,Oil Spill,2025-10-08,Night,Open
Loose Flange Bolts Discovered During Maintenance.,Tank Farm,David,Maintenance,Medium,Mechanical,2025-05-13,Day,Resolved
Sensor Calibration Completed Successfully.,Pipeline 12,Fatima,Pipeline Operations,Low,Inspection,2026-06-19,Day,Open
Emergency Shutdown Activated After Pressure Surge.,Storage Terminal,Ibrahim,Production,High,Equipment Failure,2026-02-20,Night,Open
Pump Vibration Exceeded Acceptable Threshold.,Wellhead 12,Michael,Pipeline Operations,Medium,Equipment Failure,2025-10-19,Day,Resolved
Fire Extinguisher Inspection Completed Successfully.,Wellhead 12,Blessing,Inspection,Low,Inspection,2025-12-18,Night,Closed
Emergency Shutdown Activated After Pressure Surge.,Storage Terminal,Unknown,Pipeline Operations,High,Equipment Failure,2025-04-15,Day,Resolved
Sensor Calibration Completed Successfully.,Control Room,Daniel,Production,Low,Inspection,2025-05-12,Day,Open
Corrosion Observed On External Pipeline Coating.,Loading Bay,Joy,Inspection,Medium,Corrosion,2025-06-11,Night,Closed
Oil Spill Discovered Near Storage Tank.,Manifold,John,Production,High,Oil Spill,2025-02-21,Night,Under Investigation
Sensor Calibration Completed Successfully.,Pipeline 8,Joy,Maintenance,Low,Inspection,2025-09-11,Day,Open
Emergency Shutdown Activated After Pressure Surge.,Pipeline 7,Joy,Electrical,High,Equipment Failure,2025-05-03,Night,Under Investigation
Abnormal Temperature Recorded In Processing Unit.,Compressor Station,David,Pipeline Operations,Medium,Equipment Failure,2025-01-20,Day,Open
Small Hydraulic Fluid Leak Found Beneath Crane.,Wellhead 12,Chinedu,Electrical,Medium,Leak,2025-09-16,Day,Resolved
Smoke Observed From Electrical Control Panel.,Compressor Station,Grace,Maintenance,High,Electrical,2026-01-24,Night,Under Investigation
Small Hydraulic Fluid Leak Found Beneath Crane.,Gas Processing Unit,David,Maintenance,Medium,Leak,2026-06-15,Night,Closed
Corrosion Observed On External Pipeline Coating.,Platform B,Daniel,Instrumentation,Medium,Corrosion,2025-11-01,Night,Resolved
Gas Detector Triggered Alarm Near Compressor Station.,Loading Bay,Mary,Electrical,High,Gas Detection,,Day,Resolved
Smoke Observed From Electrical Control Panel.,Refinery,Samuel,Electrical,High,Electrical,2025-07-31,Day,Resolved
Unauthorized Personnel Entered Restricted Area.,Platform B,John,Mechanical,High,Security,2026-01-09,Night,Resolved
Smoke Observed From Electrical Control Panel.,Platform B,Blessing,Utilities,High,Electrical,2026-06-04,Day,Resolved
Presssure Leak Detected On Pipline 7 During Routine Inspection.,Manifold,Aisha,Production,High,Leak,2025-07-26,Night,Closed
Sensor Calibration Completed Successfully.,Platform B,Blessing,Pipeline Operations,Low,Inspection,2025-02-19,Night,Open
Worker Slipped On Wet Surface Near Loading Bay.,Gas Processing Unit,Mary,Maintenance,Medium,Slip/Fall,2026-03-20,Night,Closed
Pump Vibration Exceeded Acceptable Threshold.,Manifold,John,Maintenance,Medium,Equipment Failure,2025-05-08,Day,Under Investigation
Pump Vibration Exceeded Acceptable Threshold.,Loading Bay,Chinedu,Production,Medium,Equipment Failure,2026-05-14,Day,Resolved
Routine Valve Maintenance Completed Without Issues.,Unknown,David,Maintenance,Low,Maintenance,2025-12-20,Day,Resolved
Gas Detector Triggered Alarm Near Compressor Station.,Tank Farm,Ahmed,Maintenance,High,Gas Detection,2025-01-03,Night,Under Investigation
Routine Valve Maintenance Completed Without Issues.,Flow Station,Daniel,Maintenance,Low,Maintenance,,Night,Closed
Corrosion Observed On External Pipeline Coating.,Gas Processing Unit,Daniel,Hse,Medium,Corrosion,2025-07-30,Night,Closed
Gas Detector Triggered Alarm Near Compressor Station.,Pipeline 8,Michael,Electrical,High,Gas Detection,2025-09-28,Night,Open
Unauthorized Personnel Entered Restricted Area.,Manifold,David,Production,High,Security,2025-11-06,Day,Resolved
Routine Valve Maintenance Completed Without Issues.,Tank Farm,David,Inspection,Low,Maintenance,2025-01-04,Day,Resolved
Small Hydraulic Fluid Leak Found Beneath Crane.,Compressor Station,Fatima,Maintenance,Medium,Leak,2026-04-21,Night,Under Investigation
Routine Valve Maintenance Completed Without Issues.,Manifold,John,Production,Low,Maintenance,2025-02-27,Day,Under Investigation
Gas Detector Triggered Alarm Near Compressor Station.,Storage Terminal,Blessing,Mechanical,High,Gas Detection,2026-05-03,Night,Open
Corrosion Observed On External Pipeline Coating.,Pipeline 7,Grace,Instrumentation,Medium,Corrosion,2025-04-02,Night,Closed
Fire Extinguisher Inspection Completed Successfully.,Flow Station,Grace,Hse,Low,Inspection,2025-10-05,Night,Open
Loose Flange Bolts Discovered During Maintenance.,Manifold,Aisha,Utilities,Medium,Mechanical,2025-03-13,Day,Resolved
Routine Valve Maintenance Completed Without Issues.,Pipeline 12,Michael,Maintenance,Low,Maintenance,2025-10-11,Day,Open
Pump Vibration Exceeded Acceptable Threshold.,Manifold,Joy,Production,Medium,Equipment Failure,2025-06-21,Day,Closed
Smoke Observed From Electrical Control Panel.,Gas Processing Unit,Michael,Utilities,High,Electrical,2026-03-18,Night,Under Investigation
Unauthorized Personnel Entered Restricted Area.,Unknown,Chinedu,Inspection,High,Security,,Day,Resolved
Smoke Observed From Electrical Control Panel.,Pipeline 7,Blessing,Instrumentation,High,Electrical,2025-02-06,Night,Under Investigation
Worker Slipped On Wet Surface Near Loading Bay.,Platform B,Daniel,Instrumentation,Medium,Slip/Fall,2025-12-21,Night,Closed
Loose Flange Bolts Discovered During Maintenance.,Flow Station,Ahmed,Inspection,Medium,Mechanical,2025-11-28,Night,Closed
Smoke Observed From Electrical Control Panel.,Gas Processing Unit,Paul,Inspection,High,Electrical,2025-07-09,Day,Open
Unauthorized Personnel Entered Restricted Area.,Platform A,Paul,Inspection,High,Security,2025-05-25,Day,Open
Emergency Shutdown Activated After Pressure Surge.,Manifold,Daniel,Mechanical,High,Equipment Failure,2026-05-05,Day,Open
Smoke Observed From Electrical Control Panel.,Flow Station,Grace,Hse,High,Electrical,2025-08-08,Day,Closed
Pressure Leak Detected On Pipeline 7 During Routine Inspection.,Manifold,Michael,Maintenance,High,Leak,2025-05-26,Night,Resolved
Sensor Calibration Completed Successfully.,Flow Station,Joy,Inspection,Low,Inspection,2026-03-09,Night,Open
Gas Detector Triggered Alarm Near Compressor Station.,Pipeline 7,Daniel,Inspection,High,Gas Detection,2025-07-21,Night,Closed
Unauthorized Personnel Entered Restricted Area.,Pipeline 7,Mary,Mechanical,High,Security,2025-05-25,Night,Closed
Pump Vibration Exceeded Acceptable Threshold.,Flow Station,Ahmed,Utilities,Medium,Equipment Failure,2026-01-10,Night,Closed
Smoke Observed From Electrical Control Panel.,Unknown,Ibrahim,Instrumentation,High,Electrical,2025-02-23,Day,Resolved
Pressure Leak Detected On Pipeline 7 During Routine Inspection.,Manifold,John,Pipeline Ops,High,Leak,2025-03-26,Night,Open
Gas Detector Triggered Alarm Near Compressor Station.,Control Room,Unknown,Instrumentation,H,Gas Detection,2026-02-06,Night,Closed
Worker Slipped On Wet Surface Near Loading Bay.,Platform B,Michael,Inspection,Medium,Slip/Fall,2025-10-31,Night,Open
Worker Slipped On Wet Surface Near Loading Bay.,Gas Processing Unit,Fatima,Production,Medium,Slip/Fall,2026-06-02,Night,Under Investigation
Gas Detector Triggered Alarm Near Compressor Station.,Tank Farm,John,Utilities,High,Gas Detection,2026-02-20,Day,Under Investigation
Presssure Leak Detected On Pipline 7 During Routine Inspection.,Refinery,Aisha,Maintenance,High,Leak,2025-01-22,Night,Resolved
Loose Flange Bolts Discovered During Maintainance.,Pipeline 7,Aisha,Mechanical,Medium,Mechanical,2025-12-17,Day,Closed
Unauthorized Personnel Entered Restricted Area.,Storage Terminal,Grace,Production,High,Security,2025-10-02,Day,Under Investigation
Emergency Shutdown Activated After Pressure Surge.,Loading Bay,Daniel,Utilities,High,Equipment Failure,2026-02-08,Night,Resolved
Abnormal Temperature Recorded In Processing Unit.,Tank Farm,Ahmed,Mechanical,Medium,Equipment Failure,2025-06-21,Night,Open
Smoke Observed From Electrical Control Panel.,Manifold,Chinedu,Utilities,High,Electrical,2026-01-01,Day,Open
Small Hydraulic Fluid Leak Found Beneath Crane.,Tank Farm,David,Utilities,Medium,Leak,2026-01-29,Night,Under Investigation
Sensor Calibration Completed Successfully.,Pipeline 7,Fatima,Mechanical,Low,Inspection,2026-06-21,Night,Open
Worker Slipped On Wet Surface Near Loading Bay.,Manifold,Ahmed,Pipeline Operations,Medium,Slip/Fall,2025-09-03,Night,Closed
Unauthorized Personnel Entered Restricted Area.,Compressor Station,Daniel,Inspection,High,Security,2025-03-11,Night,Under Investigation
Unknown,Pipeline 7,Paul,Maintenance,High,Gas Detection,2025-07-29,Day,Under Investigation
Pump Vibration Exceeded Acceptable Threshold.,Control Room,Daniel,Instrumentation,Medium,Equipment Failure,2026-03-02,Night,Open
Routine Valve Maintenance Completed Without Issues.,Manifold,David,Instrumentation,Low,Maintenance,2026-02-27,Night,Closed
Pressure Leak Detected On Pipeline 7 During Routine Inspection.,Pipeline 7,Unknown,Production,High,Leak,2026-01-08,Day,Resolved
Small Hydraulic Fluid Leak Found Beneath Crane.,Platform A,Daniel,Hse,Medium,Leak,2025-10-06,Day,Resolved
Pressure Leak Detected On Pipeline 7 During Routine Inspection.,Tank Farm,Ibrahim,Pipeline Operations,High,Leak,2026-01-06,Night,Closed
Smoke Observed From Electrical Control Panel.,Loading Bay,Mary,Electrical,High,Electrical,2026-01-19,Night,Resolved
Corrosion Observed On External Pipeline Coating.,Storage Terminal,David,Utilities,Medium,Corrosion,2026-06-23,Night,Closed
Routine Valve Maintenance Completed Without Issues.,Platform A,Grace,Mechanical,Low,Maintenance,2025-08-05,Day,Open
Loose Flange Bolts Discovered During Maintenance.,Platform B,Ibrahim,Inspection,Medium,Mechanical,2025-01-10,Day,Open
Pump Vibration Exceeded Acceptable Threshold.,Control Room,Samuel,Maintenance,Medium,Equipment Failure,,Night,Under Investigation
Small Hydraulic Fluid Leak Found Beneath Crane.,Pipeline 8,Daniel,Production,Medium,Leak,2026-05-24,Night,Resolved
Emergency Shutdown Activated After Pressure Surge.,Refinery,Aisha,Mechanical,High,Equipment Failure,2025-02-12,Night,Under Investigation
Small Hydraulic Fluid Leak Found Beneath Crane.,Pipeline 12,Ahmed,Production,Medium,Leak,2025-09-03,Night,Open
Unauthorized Personnel Entered Restricted Area.,Manifold,John,Mechanical,High,Security,2026-05-30,Night,Open
Loose Flange Bolts Discovered During Maintenance.,Wellhead 12,Fatima,Utilities,Medium,Mechanical,2025-01-29,Night,Closed
Abnormal Temperature Recorded In Processing Unit.,Pipeline 12,Ibrahim,Production,Medium,Equipment Failure,2025-04-28,Day,Closed
Oil Spill Discovered Near Storage Tank.,Loading Bay,Fatima,Pipeline Operations,High,Oil Spill,2025-09-10,Day,Open
Pump Vibration Exceeded Acceptable Threshold.,Control Room,John,Electrical,Medium,Equipment Failure,2025-07-24,Night,Open
Worker Slipped On Wet Surface Near Loading Bay.,Wellhead 12,David,Mechanical,Medium,Slip/Fall,2025-11-02,Night,Under Investigation
Small Hydraulic Fluid Leak Found Beneath Crane.,Flow Station,Ibrahim,Mechanical,Medium,Leak,2025-10-02,Day,Closed
Oil Spill Discovered Near Storage Tank.,Pipeline 12,Chinedu,Production,High,Oil Spill,2025-08-14,Day,Closed
Fire Extinguisher Inspection Completed Successfully.,Control Room,John,Production,Low,Inspection,2025-08-20,Night,Resolved
Fire Extinguisher Inspection Completed Successfully.,Gas Processing Unit,Mary,Instrumentation,Low,Inspection,2025-09-27,Day,Closed
Unauthorized Personnel Entered Restricted Area.,Loading Bay,Blessing,Production,High,Security,2025-02-01,Night,Resolved
Gas Detector Triggered Alarm Near Compressor Station.,Platform B,Michael,Electrical,High,Gas Detection,2025-12-28,Day,Closed
Smoke Observed From Electrical Control Panel.,Gas Processing Unit,Fatima,Electrical,High,Electrical,2025-06-20,Night,Under Investigation
Routine Valve Maintainance Completed Without Issues.,Loading Bay,Grace,Instrumentation,Low,Maintenance,2025-10-12,Day,Under Investigation
Smoke Observed From Electrical Control Panel.,Pipeline 12,Blessing,Mechanical,High,Electrical,2026-01-19,Day,Resolved
Worker Slipped On Wet Surface Near Loading Bay.,Pipeline 7,Ahmed,Instrumentation,Medium,Slip/Fall,2025-05-03,Day,Under Investigation
Pressure Leak Detected On Pipeline 7 During Routine Inspection.,Pipeline 12,Grace,Utilities,High,Leak,2025-02-08,Day,Open
Smoke Observed From Electrical Control Panel.,Manifold,Ibrahim,Inspection,High,Electrical,2025-03-13,Day,Open
Emergency Shutdown Activated After Pressure Surge.,Wellhead 12,Ahmed,Inspection,High,Equipment Failure,2026-02-26,Day,Closed
Pump Vibration Exceeded Acceptable Threshold.,Refinery,Joy,Utilities,Medium,Equipment Failure,,Night,Under Investigation
Pump Vibration Exceeded Acceptable Threshold.,Platform A,Samuel,Mechanical,Medium,Equipment Failure,2026-01-26,Day,Open
Small Hydraulic Fluid Leak Found Beneath Crane.,Platform A,Unknown,Utilities,M,Leak,2025-07-16,Day,Open
Unauthorized Personnel Entered Restricted Area.,Platform A,Blessing,Maintenance,High,Security,2025-11-28,Day,Open
Unauthorized Personnel Entered Restricted Area.,Storage Terminal,Joy,Maintenance,High,Security,2025-11-06,Day,Closed
Emergency Shutdown Activated After Pressure Surge.,Compressor Station,Michael,Maintenance,High,Equipment Failure,2025-06-26,Night,Open
Small Hydraulic Fluid Leak Found Beneath Crane.,Control Room,Ibrahim,Pipeline Operations,Medium,Leak,2026-02-03,Night,Under Investigation
Smoke Observed From Electrical Control Panel.,Gas Processing Unit,Grace,Inspection,High,Electrical,2025-04-08,Day,Resolved
Pump Vibration Exceeded Acceptable Threshold.,Pipeline 12,Fatima,Inspection,Medium,Equipment Failure,2026-06-08,Day,Resolved
Routine Valve Maintainance Completed Without Issues.,Pipeline 7,Ahmed,Utilities,Low,Maintenance,2025-09-07,Day,Open
Sensor Calibration Completed Successfully.,Gas Processing Unit,Aisha,Electrical,Low,Inspection,2025-09-12,Night,Closed
Smoke Observed From Electrical Control Panel.,Compressor Station,Unknown,Maintenance,High,Electrical,2025-01-01,Day,Closed
Routine Valve Maintenance Completed Without Issues.,Wellhead 12,Aisha,Production,Low,Maintenance,2026-01-01,Day,Open
Sensor Calibration Completed Successfully.,Platform B,Daniel,Pipeline Operations,Low,Inspection,2025-09-21,Day,Open
Pump Vibration Exceeded Acceptable Threshold.,Tank Farm,David,Inspection,Medium,Equipment Failure,2026-05-29,Night,Closed
Emergency Shutdown Activated After Pressure Surge.,Platform B,Michael,Maintenance,High,Equipment Failure,2025-04-27,Night,Resolved
Smoke Observed From Electrical Control Panel.,Pipeline 12,Samuel,Mechanical,High,Electrical,2025-08-01,Day,Resolved
Sensor Calibration Completed Successfully.,Storage Terminal,Daniel,Hse,Low,Inspection,2025-03-04,Day,Closed
Worker Slipped On Wet Surface Near Loading Bay.,Control Room,John,Electrical,Medium,Slip/Fall,2025-09-02,Day,Under Investigation
Worker Slipped On Wet Surface Near Loading Bay.,Flow Station,Samuel,Hse,Medium,Slip/Fall,2026-01-14,Night,Open
Emergency Shutdown Activated After Pressure Surge.,Loading Bay,Paul,Pipeline Operations,High,Equipment Failure,2025-10-28,Night,Resolved
Unknown,Flow Station,Chinedu,Hse,Medium,Corrosion,2026-01-06,Night,Closed
Oil Spill Discovered Near Storage Tank.,Unknown,Ahmed,Pipeline Operations,High,Oil Spill,2026-03-27,Day,Open
Gas Detector Triggered Alarm Near Compressor Station.,Manifold,Joy,Production,High,Gas Detection,2026-06-14,Day,Closed
Worker Slipped On Wet Surface Near Loading Bay.,Pipeline 7,Michael,Production,Medium,Slip/Fall,2026-01-11,Day,Closed
Loose Flange Bolts Discovered During Maintenance.,Platform B,Samuel,Inspection,Medium,Mechanical,2026-05-06,Day,Closed
Pressure Leak Detected On Pipeline 7 During Routine Inspection.,Control Room,Samuel,Utilities,High,Leak,2025-03-03,Night,Closed
Worker Slipped On Wet Surface Near Loading Bay.,Tank Farm,Chinedu,Electrical,Medium,Slip/Fall,2026-04-25,Night,Closed
Loose Flange Bolts Discovered During Maintenance.,Loading Bay,Michael,Hse,Medium,Mechanical,2025-08-04,Night,Under Investigation
Smoke Observed From Electrical Control Panel.,Refinery,Samuel,Production,High,Electrical,2026-05-19,Night,Open
Unauthorized Personnel Entered Restricted Area.,Storage Terminal,Aisha,Inspection,High,Security,2026-06-22,Night,Closed
Loose Flange Bolts Discovered During Maintenance.,Pipeline 8,Samuel,Electrical,Medium,Mechanical,2025-09-30,Night,Open
Corrosion Observed On External Pipeline Coating.,Storage Terminal,Daniel,Pipeline Operations,M,Corrosion,2025-11-13,Day,Closed
Gas Detector Triggered Alarm Near Compressor Station.,Flow Station,John,Instrumentation,H,Gas Detection,2025-11-05,Night,Open
Gas Detector Triggred Alarm Near Compressor Station.,Loading Bay,Blessing,Pipeline Operations,High,Gas Detection,2026-06-21,Night,Resolved
Loose Flange Bolts Discovered During Maintainance.,Gas Processing Unit,David,Mechanical,Medium,Mechanical,2025-12-06,Day,Under Investigation
Oil Spill Discovered Near Storage Tank.,Platform A,David,Instrumentation,High,Oil Spill,2025-03-19,Night,Open
Small Hydraulic Fluid Leak Found Beneath Crane.,Storage Terminal,Michael,Inspection,Medium,Leak,2026-02-12,Day,Resolved
Pump Vibration Exceeded Acceptable Threshold.,Storage Terminal,Ahmed,Pipeline Operations,Medium,Equipment Failure,2026-02-12,Night,Resolved
Unauthorized Personnel Entered Restricted Area.,Platform B,Fatima,Maintenance,High,Security,,Day,Under Investigation
Emergency Shutdown Activated After Pressure Surge.,Pipeline 7,Paul,Mechanical,High,Equipment Failure,2026-04-16,Night,Under Investigation
Pump Vibration Exceeded Acceptable Threshold.,Wellhead 12,Mary,Production,Medium,Equipment Failure,2026-05-16,Night,Under Investigation
Sensor Calibration Completed Successfully.,Compressor Station,Chinedu,Utilities,Low,Inspection,2025-09-06,Night,Closed
Oil Spill Discovered Near Storage Tank.,Pipeline 7,Daniel,Instrumentation,High,Oil Spill,2025-07-08,Night,Open
Abnormal Temperature Recorded In Processing Unit.,Pipeline 7,Samuel,Hse,Medium,Equipment Failure,2025-01-29,Night,Under Investigation
Pump Vibration Exceeded Acceptable Threshold.,Manifold,David,Electrical,Medium,Equipment Failure,2025-05-04,Night,Closed
Unauthorized Personnel Entered Restricted Area.,Compressor Station,David,Maintenance,High,Security,2025-07-23,Day,Closed
Small Hydraulic Fluid Leak Found Beneath Crane.,Platform B,Ahmed,Inspection,Medium,Leak,2026-03-02,Day,Open
Corrosion Observed On External Pipeline Coating.,Tank Farm,Fatima,Inspection,Medium,Corrosion,2026-06-04,Night,Resolved
Unauthorized Personnel Entered Restricted Area.,Pipeline 8,Ibrahim,Inspection,High,Security,2025-12-07,Night,Closed
Sensor Calibration Completed Successfully.,Flow Station,David,Pipeline Operations,Low,Inspection,2025-07-31,Day,Under Investigation
Smoke Observed From Electrical Control Panel.,Manifold,John,Mechanical,High,Electrical,2025-05-20,Night,Closed
Unauthorized Personnel Entered Restricted Area.,Loading Bay,Michael,Inspection,High,Security,,Day,Resolved
Loose Flange Bolts Discovered During Maintenance.,Gas Processing Unit,Fatima,Maintenance,Medium,Mechanical,2026-01-02,Night,Resolved
Routine Valve Maintenance Completed Without Issues.,Unknown,Blessing,Hse,Low,Maintenance,2025-08-21,Night,Open
Unauthorized Personnel Entered Restricted Area.,Platform B,Mary,Inspection,High,Security,2026-05-17,Night,Resolved
Loose Flange Bolts Discovered During Maintenance.,Refinery,John,Electrical,Medium,Mechanical,2025-10-20,Day,Open
Oil Spill Discovered Near Storage Tank.,Gas Processing Unit,Ahmed,Utilities,High,Oil Spill,2025-05-26,Day,Under Investigation
Unknown,Refinery,Joy,Production,Medium,Equipment Failure,2025-05-22,Night,Open
Emergency Shutdown Activated After Pressure Surge.,Pipeline 7,Ahmed,Electrical,High,Equipment Failure,2025-05-20,Day,Closed
Abnormal Temperature Recorded In Processing Unit.,Flow Station,Fatima,Mechanical,Medium,Equipment Failure,2025-04-14,Night,Open
Oil Spill Discovered Near Storage Tank.,Flow Station,Ahmed,Maintenance,High,Oil Spill,2025-05-05,Night,Closed
Emergency Shutdown Activated After Pressure Surge.,Refinery,Grace,Instrumentation,High,Equipment Failure,2025-12-15,Day,Closed
Smoke Observed From Electrical Control Panel.,Pipeline 12,Blessing,Inspection,High,Electrical,2025-02-02,Night,Under Investigation
Sensor Calibration Completed Successfully.,Wellhead 12,Joy,Utilities,Low,Inspection,2026-04-28,Night,Open
Corrosion Observed On External Pipeline Coating.,Wellhead 12,Joy,Production,Medium,Corrosion,2025-09-19,Night,Closed
Oil Spill Discovered Near Storage Tank.,Tank Farm,Chinedu,Utilities,High,Oil Spill,2026-02-13,Night,Resolved
Oil Spill Discovered Near Storage Tank.,Storage Terminal,Aisha,Mechanical,High,Oil Spill,2025-07-05,Day,Resolved
Sensor Calibration Completed Successfully.,Manifold,Fatima,Mechanical,Low,Inspection,2026-04-13,Day,Open
Loose Flange Bolts Discovered During Maintenance.,Tank Farm,Daniel,Instrumentation,Medium,Mechanical,2025-04-29,Night,Under Investigation
Emergency Shutdown Activated After Pressure Surge.,Tank Farm,Michael,Maintenance,High,Equipment Failure,2025-12-26,Night,Open
Gas Detector Triggered Alarm Near Compressor Station.,Flow Station,John,Maintenance,High,Gas Detection,2025-08-24,Night,Under Investigation
Abnormal Temperature Recorded In Processing Unit.,Wellhead 12,Aisha,Inspection,Medium,Equipment Failure,2025-11-19,Day,Open
Loose Flange Bolts Discovered During Maintenance.,Compressor Station,Joy,Production,Medium,Mechanical,2025-05-16,Day,Open
Emergency Shutdown Activated After Pressure Surge.,Pipeline 7,Michael,Pipeline Operations,High,Equipment Failure,,Night,Closed
Fire Extinguisher Inspection Completed Successfully.,Platform B,Chinedu,Production,Low,Inspection,2025-02-20,Night,Resolved
Pump Vibration Exceeded Acceptable Threshold.,Pipeline 8,Aisha,Mechanical,Medium,Equipment Failure,2025-12-01,Day,Under Investigation
Small Hydraulic Fluid Leak Found Beneath Crane.,Platform A,Grace,Mechanical,Medium,Leak,2025-02-21,Day,Under Investigation
Pump Vibration Exceeded Acceptable Threshold.,Platform A,Blessing,Hse,Medium,Equipment Failure,2025-11-18,Day,Open
Gas Detector Triggered Alarm Near Compressor Station.,Wellhead 12,Paul,Production,High,Gas Detection,2025-09-16,Day,Resolved
Pressure Leak Detected On Pipeline 7 During Routine Inspection.,Refinery,Grace,Production,High,Leak,2025-04-19,Day,Resolved
Emergency Shutdown Activated After Pressure Surge.,Compressor Station,Samuel,Mechanical,High,Equipment Failure,2025-04-23,Day,Closed
Abnormal Temperature Recorded In Processing Unit.,Pipeline 8,Ibrahim,Hse,Medium,Equipment Failure,2025-01-24,Night,Resolved
Unauthorized Personnel Entered Restricted Area.,Tank Farm,Mary,Inspection,High,Security,2025-07-03,Night,Open
Routine Valve Maintenance Completed Without Issues.,Gas Processing Unit,Mary,Mechanical,Low,Maintenance,2025-02-27,Day,Closed
Oil Spill Discovered Near Storage Tank.,Manifold,Aisha,Production,High,Oil Spill,2025-11-15,Night,Under Investigation
Unknown,Compressor Station,John,Instrumentation,High,Gas Detection,2025-12-13,Day,Resolved
Sensor Calibration Completed Successfully.,Storage Terminal,Michael,Electrical,Low,Inspection,2026-02-05,Night,Closed
Unauthorized Personnel Entered Restricted Area.,Storage Terminal,Aisha,Maintenance,High,Security,2025-09-12,Night,Resolved
Sensor Calibration Completed Successfully.,Pipeline 7,Ahmed,Inspection,Low,Inspection,,Night,Resolved
Abnormal Temperature Recorded In Processing Unit.,Storage Terminal,Paul,Electrical,Medium,Equipment Failure,2026-04-04,Day,Closed
Oil Spill Discovered Near Storage Tank.,Loading Bay,Ahmed,Pipeline Operations,High,Oil Spill,2025-06-12,Night,Open
Sensor Calibration Completed Successfully.,Loading Bay,Daniel,Production,Low,Inspection,2025-12-11,Night,Under Investigation
Small Hydraulic Fluid Leak Found Beneath Crane.,Flow Station,Ahmed,Mechanical,Medium,Leak,2025-09-18,Night,Open
Unknown,Unknown,David,Utilities,High,Oil Spill,,Day,Open
Unknown,Pipeline 8,Michael,Electrical,Medium,Corrosion,2025-09-16,Night,Closed
Smoke Observed From Electrical Control Panel.,Wellhead 12,Paul,Pipeline Operations,High,Electrical,2026-02-10,Night,Resolved
Routine Valve Maintenance Completed Without Issues.,Gas Processing Unit,Samuel,Maintenance,Low,Maintenance,2026-02-08,Day,Closed
Pressure Leak Detected On Pipeline 7 During Routine Inspection.,Gas Processing Unit,Michael,Production,High,Leak,2025-05-20,Day,Resolved
